Date,Pred_Close_MAMBA
2014-01-03,
2014-01-06,
2014-01-07,
2014-01-08,
2014-01-09,
2014-01-10,
2014-01-13,
2014-01-14,
2014-01-15,
2014-01-16,
2014-01-17,
2014-01-21,
2014-01-22,
2014-01-23,
2014-01-24,
2014-01-27,
2014-01-28,
2014-01-29,
2014-01-30,
2014-01-31,
2014-02-03,
2014-02-04,
2014-02-05,
2014-02-06,
2014-02-07,
2014-02-10,
2014-02-11,
2014-02-12,
2014-02-13,
2014-02-14,
2014-02-18,
2014-02-19,
2014-02-20,
2014-02-21,
2014-02-24,
2014-02-25,
2014-02-26,
2014-02-27,
2014-02-28,
2014-03-03,
2014-03-04,
2014-03-05,
2014-03-06,
2014-03-07,
2014-03-10,
2014-03-11,
2014-03-12,
2014-03-13,
2014-03-14,
2014-03-17,
2014-03-18,
2014-03-19,
2014-03-20,
2014-03-21,
2014-03-24,
2014-03-25,
2014-03-26,
2014-03-27,
2014-03-28,
2014-03-31,
2014-04-01,1.794518232345581
2014-04-02,1.637059450149536
2014-04-03,1.6283807754516602
2014-04-04,1.682100772857666
2014-04-07,1.374497652053833
2014-04-08,1.3723716735839844
2014-04-09,1.4484472274780271
2014-04-10,1.426731824874878
2014-04-11,1.2379093170166016
2014-04-14,1.2007958889007568
2014-04-15,1.319082260131836
2014-04-16,1.3472187519073486
2014-04-17,1.2834365367889404
2014-04-21,1.4126932621002195
2014-04-22,1.493281364440918
2014-04-23,1.515427589416504
2014-04-24,1.4798455238342283
2014-04-25,1.460629940032959
2014-04-28,1.3235154151916504
2014-04-29,1.5177605152130127
2014-04-30,1.662065505981445
2014-05-01,1.5224125385284424
2014-05-02,1.3916141986846924
2014-05-05,1.403282642364502
2014-05-06,1.405426263809204
2014-05-07,1.3834867477416992
2014-05-08,1.39988374710083
2014-05-09,1.5790107250213623
2014-05-12,1.583845615386963
2014-05-13,1.7008724212646484
2014-05-14,1.5738184452056885
2014-05-15,1.4845740795135498
2014-05-16,1.314219951629639
2014-05-19,1.5252902507781982
2014-05-20,1.6192662715911863
2014-05-21,1.559790849685669
2014-05-22,1.4874231815338137
2014-05-23,1.57665753364563
2014-05-27,1.5975732803344729
2014-05-28,1.626471757888794
2014-05-29,1.6505537033081057
2014-05-30,1.7787554264068604
2014-06-02,1.7319655418395996
2014-06-03,1.642843246459961
2014-06-04,1.615769624710083
2014-06-05,1.6811113357543943
2014-06-06,1.7112250328063965
2014-06-09,1.7667529582977295
2014-06-10,1.775367259979248
2014-06-11,1.7560715675354004
2014-06-12,1.773547649383545
2014-06-13,1.7004530429840088
2014-06-16,1.6955020427703855
2014-06-17,1.9388210773468015
2014-06-18,1.965759754180908
2014-06-19,1.813312292098999
2014-06-20,1.8579425811767576
2014-06-23,1.872100830078125
2014-06-24,1.8325719833374023
2014-06-25,1.811051845550537
2014-06-26,1.718226194381714
2014-06-27,1.724581241607666
2014-06-30,1.6789133548736572
2014-07-01,1.7927193641662598
2014-07-02,1.8658757209777832
2014-07-03,1.9686012268066408
2014-07-07,1.9147181510925293
2014-07-08,1.950438499450684
2014-07-09,1.8444764614105225
2014-07-10,1.8238019943237305
2014-07-11,1.7207231521606443
2014-07-14,1.848799228668213
2014-07-15,1.9676909446716309
2014-07-16,1.9452784061431885
2014-07-17,1.9914283752441408
2014-07-18,1.7638115882873535
2014-07-21,1.975231647491455
2014-07-22,2.034950494766236
2014-07-23,2.0606257915496826
2014-07-24,1.8866684436798096
2014-07-25,1.7233526706695557
2014-07-28,1.667182445526123
2014-07-29,1.514146327972412
2014-07-30,1.4229819774627686
2014-07-31,1.4070329666137695
2014-08-01,1.6005146503448486
2014-08-04,1.6682205200195312
2014-08-05,1.6015512943267822
2014-08-06,1.6693000793457031
2014-08-07,1.5579142570495603
2014-08-08,1.5835671424865725
2014-08-11,1.6104011535644531
2014-08-12,1.7533762454986572
2014-08-13,1.7324914932250977
2014-08-14,1.8179950714111328
2014-08-15,1.7912845611572266
2014-08-18,1.9850366115570068
2014-08-19,2.0167770385742188
2014-08-20,1.998590469360352
2014-08-21,2.014239549636841
2014-08-22,1.8756232261657717
2014-08-25,1.941088914871216
2014-08-26,1.9674806594848635
2014-08-27,1.949455738067627
2014-08-28,1.9414973258972168
2014-08-29,1.9191367626190183
2014-09-02,2.0302488803863525
2014-09-03,1.8805851936340328
2014-09-04,1.9489738941192627
2014-09-05,2.0906031131744385
2014-09-08,2.244413375854492
2014-09-09,2.1943161487579346
2014-09-10,2.0969326496124268
2014-09-11,2.12410569190979
2014-09-12,1.8184914588928225
2014-09-15,1.7750225067138672
2014-09-16,1.779212474822998
2014-09-17,1.890779972076416
2014-09-18,1.862076759338379
2014-09-19,1.912757158279419
2014-09-22,1.8669593334198
2014-09-23,1.857188701629639
2014-09-24,1.91878080368042
2014-09-25,1.9540345668792725
2014-09-26,1.7942330837249756
2014-09-29,1.83367657661438
2014-09-30,1.793602466583252
2014-10-01,1.7619245052337646
2014-10-02,1.5156614780426023
2014-10-03,1.592109441757202
2014-10-06,1.7376985549926758
2014-10-07,1.7137913703918457
2014-10-08,1.704291582107544
2014-10-09,1.625023365020752
2014-10-10,1.2214267253875732
2014-10-13,1.474816083908081
2014-10-14,1.440650463104248
2014-10-15,1.410259485244751
2014-10-16,1.2515451908111572
2014-10-17,1.310023307800293
2014-10-20,1.408996820449829
2014-10-21,1.3411991596221924
2014-10-22,1.4076011180877686
2014-10-23,1.283315896987915
2014-10-24,1.4858689308166504
2014-10-27,1.6580777168273926
2014-10-28,1.6771228313446045
2014-10-29,1.8058249950408936
2014-10-30,1.78629732131958
2014-10-31,1.723215103149414
2014-11-03,1.7229678630828855
2014-11-04,1.909799337387085
2014-11-05,1.965514898300171
2014-11-06,1.8225758075714111
2014-11-07,1.7703368663787842
2014-11-10,1.6434178352355957
2014-11-11,1.6911282539367676
2014-11-12,1.6439151763916016
2014-11-13,1.9335076808929443
2014-11-14,1.8951642513275144
2014-11-17,1.8702268600463867
2014-11-18,1.800025463104248
2014-11-19,1.8900954723358157
2014-11-20,1.883603572845459
2014-11-21,2.0012052059173584
2014-11-24,2.0757997035980225
2014-11-25,2.0420150756835938
2014-11-26,2.152220726013184
2014-11-28,2.1547930240631104
2014-12-01,2.245368242263794
2014-12-02,2.2148587703704834
2014-12-03,2.2690768241882324
2014-12-04,2.305246591567993
2014-12-05,2.3337836265563965
2014-12-08,2.4736242294311523
2014-12-09,2.513336658477783
2014-12-10,2.346592903137207
2014-12-11,2.114762544631958
2014-12-12,1.9358465671539309
2014-12-15,2.010750770568848
2014-12-16,2.012202024459839
2014-12-17,2.1384778022766118
2014-12-18,2.236106634140014
2014-12-19,2.3819496631622314
2014-12-22,2.249098062515259
2014-12-23,2.195685625076294
2014-12-24,2.141908645629883
2014-12-26,2.182065725326538
2014-12-29,2.317784547805786
2014-12-30,2.382946729660034
2014-12-31,2.359106063842773
2015-01-02,2.2855985164642334
2015-01-05,2.134308338165283
2015-01-06,2.009666681289673
2015-01-07,1.7689423561096191
2015-01-08,1.9941961765289309
2015-01-09,2.0008952617645264
2015-01-12,2.07027268409729
2015-01-13,2.049244880676269
2015-01-14,1.8601226806640625
2015-01-15,1.889803409576416
2015-01-16,1.7766644954681396
2015-01-20,1.8865501880645752
2015-01-21,1.9140801429748533
2015-01-22,2.01787543296814
2015-01-23,1.976391077041626
2015-01-26,2.022388219833374
2015-01-27,2.033035516738892
2015-01-28,2.0031826496124268
2015-01-29,1.998831033706665
2015-01-30,2.1434214115142822
2015-02-02,2.0766634941101074
2015-02-03,1.987354040145874
2015-02-04,2.028617143630981
2015-02-05,2.029081106185913
2015-02-06,2.017436981201172
2015-02-09,2.0946295261383057
2015-02-10,2.09379243850708
2015-02-11,2.2257821559906006
2015-02-12,2.324387788772583
2015-02-13,2.500785112380981
2015-02-17,2.4858663082122803
2015-02-18,2.4717750549316406
2015-02-19,2.5336053371429443
2015-02-20,2.555614709854126
2015-02-23,2.52292275428772
2015-02-24,2.415020704269409
2015-02-25,2.4655649662017822
2015-02-26,2.572328329086304
2015-02-27,2.619997262954712
2015-03-02,2.631243944168091
2015-03-03,2.591884136199951
2015-03-04,2.40045428276062
2015-03-05,2.542484998703003
2015-03-06,2.503607988357544
2015-03-09,2.539740800857544
2015-03-10,2.33425235748291
2015-03-11,2.289232015609741
2015-03-12,2.2303621768951416
2015-03-13,2.4037184715271
2015-03-16,2.450507879257202
2015-03-17,2.483407735824585
2015-03-18,2.5063934326171875
2015-03-19,2.418453931808472
2015-03-20,2.406054735183716
2015-03-23,2.445246458053589
2015-03-24,2.3621644973754883
2015-03-25,2.3622846603393555
2015-03-26,1.9933931827545168
2015-03-27,1.9599409103393557
2015-03-30,1.996577501296997
2015-03-31,1.9247477054595947
2015-04-01,2.0688579082489014
2015-04-02,2.090139627456665
2015-04-06,2.2855069637298584
2015-04-07,2.292741060256958
2015-04-08,2.257264375686645
2015-04-09,2.2902920246124268
2015-04-10,2.2364308834075928
2015-04-13,2.310781717300415
2015-04-14,2.477797746658325
2015-04-15,2.3709020614624023
2015-04-16,2.342028379440308
2015-04-17,2.276015281677246
2015-04-20,2.3135383129119877
2015-04-21,2.3924005031585693
2015-04-22,2.3679866790771484
2015-04-23,2.263474702835083
2015-04-24,2.213707685470581
2015-04-27,2.0488455295562744
2015-04-28,2.194112062454224
2015-04-29,2.2835848331451416
2015-04-30,2.2268733978271484
2015-05-01,2.1468396186828613
2015-05-04,2.2415597438812256
2015-05-05,2.308420896530152
2015-05-06,2.432215452194214
2015-05-07,2.229967832565308
2015-05-08,2.6158251762390137
2015-05-11,2.4981534481048584
2015-05-12,2.184758424758911
2015-05-13,2.3494255542755127
2015-05-14,2.500049829483032
2015-05-15,2.62246322631836
2015-05-18,2.664562940597534
2015-05-19,2.459694623947144
2015-05-20,2.329209327697754
2015-05-21,2.4164717197418213
2015-05-22,2.6350386142730717
2015-05-26,2.728204727172852
2015-05-27,2.6745002269744877
2015-05-28,2.662945032119751
2015-05-29,2.6955292224884038
2015-06-01,2.760899782180786
2015-06-02,2.737687826156616
2015-06-03,2.621429920196533
2015-06-04,2.6721770763397217
2015-06-05,2.603182554244995
2015-06-08,2.618687152862549
2015-06-09,2.4817183017730717
2015-06-10,2.4410250186920166
2015-06-11,2.320884943008423
2015-06-12,2.500213384628296
2015-06-15,2.5943078994750977
2015-06-16,2.725773811340332
2015-06-17,2.6748738288879395
2015-06-18,2.721961736679077
2015-06-19,2.616283178329468
2015-06-22,2.6232388019561768
2015-06-23,2.572321653366089
2015-06-24,2.5099456310272217
2015-06-25,2.4669134616851807
2015-06-26,2.418229341506958
2015-06-29,2.2751660346984863
2015-06-30,2.213946580886841
2015-07-01,2.3474342823028564
2015-07-02,2.223084688186645
2015-07-06,2.106693744659424
2015-07-07,2.0521020889282227
2015-07-08,1.990952014923096
2015-07-09,1.8224353790283203
2015-07-10,1.8006739616394043
2015-07-13,1.829573392868042
2015-07-14,1.9635143280029297
2015-07-15,1.9209558963775637
2015-07-16,1.784383773803711
2015-07-17,1.7561182975769043
2015-07-20,1.929448366165161
2015-07-21,1.8539624214172363
2015-07-22,1.753847360610962
2015-07-23,1.646207571029663
2015-07-24,1.593902826309204
2015-07-27,1.652456760406494
2015-07-28,1.7563631534576416
2015-07-29,1.95745587348938
2015-07-30,1.763676643371582
2015-07-31,1.824449062347412
2015-08-03,1.7502844333648682
2015-08-04,1.8046574592590328
2015-08-05,1.7899868488311768
2015-08-06,1.560053825378418
2015-08-07,1.6018688678741455
2015-08-10,1.6563572883605957
2015-08-11,1.740931749343872
2015-08-12,1.669792652130127
2015-08-13,1.6443557739257812
2015-08-14,1.5449340343475342
2015-08-17,1.6875905990600586
2015-08-18,1.7063143253326416
2015-08-19,1.5164918899536133
2015-08-20,1.5538992881774902
2015-08-21,1.32090425491333
2015-08-24,1.3446848392486572
2015-08-25,1.194908618927002
2015-08-26,1.1601030826568604
2015-08-27,1.2351436614990234
2015-08-28,1.4569363594055176
2015-08-31,1.516674518585205
2015-09-01,1.4647417068481443
2015-09-02,1.258873701095581
2015-09-03,1.424975872039795
2015-09-04,1.5828776359558103
2015-09-08,1.5934443473815918
2015-09-09,1.609819412231445
2015-09-10,1.3138492107391355
2015-09-11,1.456837177276611
2015-09-14,1.498588800430298
2015-09-15,1.5524966716766355
2015-09-16,1.6376972198486328
2015-09-17,1.5505032539367676
2015-09-18,1.496049404144287
2015-09-21,1.3827149868011477
2015-09-22,1.3102238178253174
2015-09-23,1.298739671707153
2015-09-24,1.297537088394165
2015-09-25,1.3379836082458496
2015-09-28,1.3535301685333252
2015-09-29,1.2132484912872314
2015-09-30,1.3541111946105957
2015-10-01,1.405780553817749
2015-10-02,1.3651230335235596
2015-10-05,1.5383644104003906
2015-10-06,1.532017946243286
2015-10-07,1.5261290073394775
2015-10-08,1.5308113098144531
2015-10-09,1.5318241119384766
2015-10-12,1.5818240642547607
2015-10-13,1.7200195789337158
2015-10-14,1.7324962615966797
2015-10-15,1.7070722579956057
2015-10-16,1.6583967208862305
2015-10-19,1.6901390552520752
2015-10-20,1.673074722290039
2015-10-21,1.698878288269043
2015-10-22,1.8110408782958984
2015-10-23,1.8312735557556152
2015-10-26,1.93182110786438
2015-10-27,1.819094181060791
2015-10-28,1.784634351730347
2015-10-29,1.813751220703125
2015-10-30,1.7082617282867432
2015-11-02,1.798891305923462
2015-11-03,1.8309900760650637
2015-11-04,1.884735107421875
2015-11-05,1.8602197170257568
2015-11-06,1.7445578575134275
2015-11-09,1.7125787734985352
2015-11-10,1.770772933959961
2015-11-11,1.701270580291748
2015-11-12,1.6336028575897217
2015-11-13,1.656921148300171
2015-11-16,1.5688533782958984
2015-11-17,1.6308491230010986
2015-11-18,1.6750802993774414
2015-11-19,1.7411227226257324
2015-11-20,1.7342376708984375
2015-11-23,1.8318898677825928
2015-11-24,1.7432904243469238
2015-11-25,1.826530694961548
2015-11-27,1.9005184173583984
2015-11-30,1.9024789333343504
2015-12-01,1.905189037322998
2015-12-02,2.089256763458252
2015-12-03,2.089553117752075
2015-12-04,1.9876418113708496
2015-12-07,1.9091253280639648
2015-12-08,1.816860914230347
2015-12-09,1.792041301727295
2015-12-10,1.7176883220672607
2015-12-11,1.790961980819702
2015-12-14,1.7472190856933594
2015-12-15,1.7617394924163818
2015-12-16,1.8265581130981443
2015-12-17,1.869776725769043
2015-12-18,1.7280049324035645
2015-12-21,1.711146116256714
2015-12-22,1.7814314365386963
2015-12-23,1.759882926940918
2015-12-24,1.73254656791687
2015-12-28,1.7142994403839111
2015-12-29,1.7360272407531738
2015-12-30,1.794153928756714
2015-12-31,1.7569787502288818
2016-01-04,1.733875036239624
2016-01-05,1.6678073406219482
2016-01-06,1.5887010097503662
2016-01-07,1.3576219081878662
2016-01-08,1.2024486064910889
2016-01-11,1.149949073791504
2016-01-12,1.3682365417480469
2016-01-13,1.4633972644805908
2016-01-14,1.2620484828948977
2016-01-15,1.350351333618164
2016-01-19,1.132026195526123
2016-01-20,1.1566073894500732
2016-01-21,1.1646568775177002
2016-01-22,1.1644582748413086
2016-01-25,1.239527940750122
2016-01-26,1.1370904445648191
2016-01-27,1.0724780559539795
2016-01-28,1.0745799541473389
2016-01-29,1.2509231567382812
2016-02-01,1.2978794574737549
2016-02-02,1.347337245941162
2016-02-03,1.1676850318908691
2016-02-04,1.265629768371582
2016-02-05,1.3331630229949951
2016-02-08,1.0343432426452637
2016-02-09,0.9800960421562196
2016-02-10,1.029731035232544
2016-02-11,1.025668382644653
2016-02-12,1.0484604835510254
2016-02-16,1.2153208255767822
2016-02-17,1.2999565601348877
2016-02-18,1.363375186920166
2016-02-19,1.3091800212860107
2016-02-22,1.4656450748443604
2016-02-23,1.495716571807861
2016-02-24,1.3693475723266602
2016-02-25,1.432748556137085
2016-02-26,1.5004098415374756
2016-02-29,1.516418218612671
2016-03-01,1.4535009860992432
2016-03-02,1.577322006225586
2016-03-03,1.6336877346038818
2016-03-04,1.6278948783874512
2016-03-07,1.7059273719787598
2016-03-08,1.6743979454040527
2016-03-09,1.5428285598754885
2016-03-10,1.5384533405303955
2016-03-11,1.5652620792388916
2016-03-14,1.5909998416900637
2016-03-15,1.6724202632904053
2016-03-16,1.6693339347839355
2016-03-17,1.6609447002410889
2016-03-18,1.7069542407989502
2016-03-21,1.7337915897369385
2016-03-22,1.6786892414093018
2016-03-23,1.6209917068481443
2016-03-24,1.7077233791351318
2016-03-28,1.8492915630340576
2016-03-29,1.7900688648223877
2016-03-30,1.7726764678955078
2016-03-31,1.8268556594848635
2016-04-01,1.7555499076843262
2016-04-04,1.817754030227661
2016-04-05,1.7162575721740725
2016-04-06,1.5716307163238523
2016-04-07,1.592381715774536
2016-04-08,1.5006117820739746
2016-04-11,1.5519845485687256
2016-04-12,1.7096660137176514
2016-04-13,1.773662805557251
2016-04-14,1.851412534713745
2016-04-15,1.8247387409210205
2016-04-18,1.8375403881073
2016-04-19,1.8122518062591555
2016-04-20,1.651714563369751
2016-04-21,1.655583143234253
2016-04-22,1.6581735610961914
2016-04-25,1.781865119934082
2016-04-26,1.776048183441162
2016-04-27,1.8275651931762693
2016-04-28,1.768789291381836
2016-04-29,1.6818225383758545
2016-05-02,1.5475118160247805
2016-05-03,1.7421817779541016
2016-05-04,1.801783800125122
2016-05-05,1.564241647720337
2016-05-06,1.5661535263061523
2016-05-09,1.5207993984222412
2016-05-10,1.452392578125
2016-05-11,1.4690663814544678
2016-05-12,1.532196044921875
2016-05-13,1.4520254135131836
2016-05-16,1.636953353881836
2016-05-17,1.6779718399047852
2016-05-18,1.5897841453552246
2016-05-19,1.5557758808135986
2016-05-20,1.6505553722381592
2016-05-23,1.836992263793945
2016-05-24,1.9214963912963867
2016-05-25,1.958740472793579
2016-05-26,1.9134905338287356
2016-05-27,1.9430720806121824
2016-05-31,1.972691297531128
2016-06-01,2.036900281906128
2016-06-02,1.9675228595733645
2016-06-03,1.9309895038604736
2016-06-06,2.028795003890991
2016-06-07,2.067023754119873
2016-06-08,2.102762222290039
2016-06-09,1.9679286479949951
2016-06-10,2.020698547363281
2016-06-13,1.9518859386444087
2016-06-14,1.8763718605041504
2016-06-15,1.9006726741790767
2016-06-16,1.7558233737945557
2016-06-17,1.9101691246032717
2016-06-20,1.8132224082946775
2016-06-21,1.9489006996154783
2016-06-22,1.945359230041504
2016-06-23,1.9901301860809328
2016-06-24,2.031960964202881
2016-06-27,1.6506855487823486
2016-06-28,1.619664192199707
2016-06-29,1.8272340297698972
2016-06-30,1.8072271347045896
2016-07-01,1.7130043506622314
2016-07-05,1.7914140224456787
2016-07-06,1.9127838611602783
2016-07-07,1.961707592010498
2016-07-08,1.886267900466919
2016-07-11,1.964942455291748
2016-07-12,2.0493180751800537
2016-07-13,2.021639347076416
2016-07-14,2.023520469665528
2016-07-15,1.968811511993408
2016-07-18,2.0935447216033936
2016-07-19,2.209061622619629
2016-07-20,2.2834632396698
2016-07-21,2.338653564453125
2016-07-22,2.324944496154785
2016-07-25,2.599769592285156
2016-07-26,2.6676723957061768
2016-07-27,2.364688873291016
2016-07-28,2.508378267288208
2016-07-29,2.5681111812591557
2016-08-01,2.707448720932007
2016-08-02,2.540658712387085
2016-08-03,2.4363789558410645
2016-08-04,2.4632081985473637
2016-08-05,2.555579900741577
2016-08-08,2.7036502361297607
2016-08-09,2.6782355308532715
2016-08-10,2.6939496994018555
2016-08-11,2.758330583572388
2016-08-12,2.52637243270874
2016-08-15,2.592139959335327
2016-08-16,2.65655255317688
2016-08-17,2.717932939529419
2016-08-18,2.7523000240325928
2016-08-19,2.681138277053833
2016-08-22,2.6455841064453125
2016-08-23,2.6309573650360107
2016-08-24,2.9313178062438965
2016-08-25,2.86508846282959
2016-08-26,2.910628318786621
2016-08-29,2.787419557571411
2016-08-30,2.9100325107574463
2016-08-31,2.9722118377685547
2016-09-01,2.73530912399292
2016-09-02,2.8974504470825195
2016-09-06,2.923598051071167
2016-09-07,2.8406710624694824
2016-09-08,2.742745876312256
2016-09-09,2.7804880142211914
2016-09-12,2.462065935134888
2016-09-13,2.7189855575561523
2016-09-14,2.678215742111206
2016-09-15,2.649420022964477
2016-09-16,2.8423173427581787
2016-09-19,2.748180389404297
2016-09-20,2.7063405513763428
2016-09-21,2.712198257446289
2016-09-22,2.7736752033233643
2016-09-23,2.940546989440918
2016-09-26,2.9395484924316406
2016-09-27,2.977198839187622
2016-09-28,3.041479587554932
2016-09-29,2.965507984161377
2016-09-30,3.0420429706573486
2016-10-03,3.0918593406677246
2016-10-04,3.153974771499634
2016-10-05,3.1575019359588623
2016-10-06,3.1551172733306885
2016-10-07,3.1086764335632324
2016-10-10,3.1352574825286865
2016-10-11,3.0378224849700928
2016-10-12,2.772731304168701
2016-10-13,2.777664422988892
2016-10-14,2.683340311050415
2016-10-17,2.7887752056121826
2016-10-18,2.835707664489746
2016-10-19,2.857309579849243
2016-10-20,2.9190914630889893
2016-10-21,2.7876760959625244
2016-10-24,2.9172017574310303
2016-10-25,3.0725460052490234
2016-10-26,3.214345216751098
2016-10-27,3.157944679260254
2016-10-28,3.1103179454803467
2016-10-31,3.176161289215088
2016-11-01,3.055176258087158
2016-11-02,2.849173069000244
2016-11-03,2.761678457260132
2016-11-04,2.833266496658325
2016-11-07,2.8092973232269287
2016-11-08,3.0307939052581787
2016-11-09,3.121245145797729
2016-11-10,3.075910806655884
2016-11-11,2.9399702548980717
2016-11-14,3.096312999725342
2016-11-15,3.277296304702759
2016-11-16,3.499008655548096
2016-11-17,3.5089285373687744
2016-11-18,3.520630121231079
2016-11-21,3.632133722305298
2016-11-22,3.717779874801636
2016-11-23,3.90973687171936
2016-11-25,3.8193376064300537
2016-11-28,3.793970823287964
2016-11-29,3.6526925563812256
2016-11-30,3.5251810550689697
2016-12-01,3.52492356300354
2016-12-02,3.1227738857269287
2016-12-05,3.3247554302215576
2016-12-06,3.505103826522827
2016-12-07,3.6013331413269043
2016-12-08,3.595017194747925
2016-12-09,3.705112218856812
2016-12-12,3.59863805770874
2016-12-13,3.66812515258789
2016-12-14,3.8331336975097656
2016-12-15,3.93325424194336
2016-12-16,4.042777061462402
2016-12-19,3.786627531051636
2016-12-20,3.785922527313232
2016-12-21,3.8085243701934814
2016-12-22,3.937929391860962
2016-12-23,4.160002708435059
2016-12-27,4.090523719787598
2016-12-28,4.102509498596191
2016-12-29,3.7147297859191895
2016-12-30,3.662829399108887
2017-01-03,3.41487193107605
2017-01-04,3.536852598190308
2017-01-05,3.657315731048584
2017-01-06,3.5132710933685303
2017-01-09,3.728271484375
2017-01-10,3.8943190574646
2017-01-11,3.849276542663574
2017-01-12,3.97614312171936
2017-01-13,3.713883399963379
2017-01-17,3.832751274108887
2017-01-18,3.676088571548462
2017-01-19,3.864041566848755
2017-01-20,3.904863595962525
2017-01-23,4.13590669631958
2017-01-24,4.132822036743164
2017-01-25,4.1741943359375
2017-01-26,4.284655570983887
2017-01-27,4.14372444152832
2017-01-30,4.386225700378418
2017-01-31,4.204015731811523
2017-02-01,4.267206192016602
2017-02-02,4.441314697265625
2017-02-03,4.462574005126953
2017-02-06,4.476600646972656
2017-02-07,4.540771484375
2017-02-08,4.488687515258789
2017-02-09,4.579897880554199
2017-02-10,4.3751068115234375
2017-02-13,4.399834632873535
2017-02-14,4.487369060516357
2017-02-15,4.504922389984131
2017-02-16,4.651039123535156
2017-02-17,4.539246082305908
2017-02-21,4.562515258789063
2017-02-22,4.858275413513184
2017-02-23,4.65984582901001
2017-02-24,4.621379852294922
2017-02-27,4.7241621017456055
2017-02-28,4.636777400970459
2017-03-01,4.566300392150879
2017-03-02,4.624678611755371
2017-03-03,4.630622863769531
2017-03-06,4.628621578216553
2017-03-07,4.545713424682617
2017-03-08,4.735416412353516
2017-03-09,4.811293601989746
2017-03-10,4.671821117401123
2017-03-13,4.89139461517334
2017-03-14,4.815981388092041
2017-03-15,4.804288864135742
2017-03-16,5.024587154388428
2017-03-17,4.985907077789307
2017-03-20,4.916383743286133
2017-03-21,4.902165412902832
2017-03-22,4.678324699401856
2017-03-23,5.02720308303833
2017-03-24,5.110211372375488
2017-03-27,5.066288948059082
2017-03-28,5.0387139320373535
2017-03-29,4.959892272949219
2017-03-30,4.990464210510254
2017-03-31,5.046689510345459
2017-04-03,5.060990333557129
2017-04-04,4.798791885375977
2017-04-05,4.772183418273926
2017-04-06,4.590641975402832
2017-04-07,4.713537216186523
2017-04-10,4.599634170532227
2017-04-11,4.6244001388549805
2017-04-12,4.599782943725586
2017-04-13,4.335635185241699
2017-04-17,4.321706771850586
2017-04-18,4.634975910186768
2017-04-19,4.608973503112793
2017-04-20,4.606820106506348
2017-04-21,4.744394302368164
2017-04-24,4.615927696228027
2017-04-25,4.713906288146973
2017-04-26,5.283979415893555
2017-04-27,5.332466125488281
2017-04-28,5.813249588012695
2017-05-01,5.587350845336914
2017-05-02,5.318973541259766
2017-05-03,5.371875762939453
2017-05-04,5.231696128845215
2017-05-05,5.285860061645508
2017-05-08,5.376961708068848
2017-05-09,5.494762420654297
2017-05-10,5.6035871505737305
2017-05-11,6.019841194152832
2017-05-12,6.05919361114502
2017-05-15,6.170838356018066
2017-05-16,6.269387245178223
2017-05-17,6.171339988708496
2017-05-18,5.977458953857422
2017-05-19,5.901607990264893
2017-05-22,6.092833042144775
2017-05-23,6.263211250305176
2017-05-24,6.5791521072387695
2017-05-25,6.36122989654541
2017-05-26,6.3866119384765625
2017-05-30,6.156940460205078
2017-05-31,6.205587387084961
2017-06-01,6.64979362487793
2017-06-02,6.617396354675293
2017-06-05,6.6460862159729
2017-06-06,6.925490379333496
2017-06-07,7.061400890350342
2017-06-08,7.00813627243042
2017-06-09,6.923295974731445
2017-06-12,6.703863620758057
2017-06-13,6.772074699401856
2017-06-14,6.731195449829102
2017-06-15,6.369341850280762
2017-06-16,6.349480628967285
2017-06-19,6.475506782531738
2017-06-20,6.325888633728027
2017-06-21,6.648664474487305
2017-06-22,6.63472318649292
2017-06-23,6.412593841552734
2017-06-26,6.369837760925293
2017-06-27,5.972189426422119
2017-06-28,6.140110015869141
2017-06-29,5.739742755889893
2017-06-30,5.651497840881348
2017-07-03,5.404668807983398
2017-07-05,5.547020435333252
2017-07-06,5.739253044128418
2017-07-07,6.047327041625977
2017-07-10,6.414453029632568
2017-07-11,6.439111709594727
2017-07-12,6.638852596282959
2017-07-13,6.601127624511719
2017-07-14,6.752014636993408
2017-07-17,6.886970520019531
2017-07-18,6.946889877319336
2017-07-19,6.8327178955078125
2017-07-20,6.590012073516846
2017-07-21,6.636989593505859
2017-07-24,6.639719009399414
2017-07-25,6.63505744934082
2017-07-26,6.650630950927734
2017-07-27,6.370136260986328
2017-07-28,6.502290725708008
2017-07-31,6.285637855529785
2017-08-01,6.305527687072754
2017-08-02,6.281439781188965
2017-08-03,6.050508499145508
2017-08-04,6.213495254516602
2017-08-07,6.295868873596191
2017-08-08,6.446977138519287
2017-08-09,6.539284706115723
2017-08-10,6.156670570373535
2017-08-11,6.298975944519043
2017-08-14,6.49993371963501
2017-08-15,6.724338054656982
2017-08-16,6.462630271911621
2017-08-17,5.968534469604492
2017-08-18,5.989627361297607
2017-08-21,5.951688766479492
2017-08-22,6.31968355178833
2017-08-23,6.17032527923584
2017-08-24,6.017374038696289
2017-08-25,6.029117584228516
2017-08-28,6.136538505554199
2017-08-29,6.235744476318359
2017-08-30,6.28602933883667
2017-08-31,6.476941108703613
2017-09-01,6.839314937591553
2017-09-05,6.653564453125
2017-09-06,6.735718727111816
2017-09-07,6.557107925415039
2017-09-08,6.6381707191467285
2017-09-11,6.719207286834717
2017-09-12,7.137387752532959
2017-09-13,6.780928611755371
2017-09-14,6.78380823135376
2017-09-15,7.355302810668945
2017-09-18,7.78561544418335
2017-09-19,7.378932952880859
2017-09-20,7.161029815673828
2017-09-21,7.225778579711914
2017-09-22,7.232535362243652
2017-09-25,6.884647369384766
2017-09-26,7.089975833892822
2017-09-27,7.165013313293457
2017-09-28,7.277349472045898
2017-09-29,7.456010341644287
2017-10-02,7.589975357055664
2017-10-03,7.663727760314941
2017-10-04,7.721582412719727
2017-10-05,7.879641056060791
2017-10-06,7.8604841232299805
2017-10-09,7.967774868011475
2017-10-10,8.245460510253906
2017-10-11,8.47592830657959
2017-10-12,8.187329292297363
2017-10-13,8.678132057189941
2017-10-16,8.747209548950195
2017-10-17,8.59995174407959
2017-10-18,8.627667427062988
2017-10-19,8.485093116760254
2017-10-20,8.632973670959473
2017-10-23,8.781445503234863
2017-10-24,8.936039924621582
2017-10-25,8.704216957092285
2017-10-26,8.932158470153809
2017-10-27,9.547444343566896
2017-10-30,9.45663833618164
2017-10-31,9.747901916503906
2017-11-01,9.791939735412598
2017-11-02,9.77165985107422
2017-11-03,10.45688533782959
2017-11-06,10.676352500915527
2017-11-07,10.908726692199709
2017-11-08,10.588476181030272
2017-11-09,10.29489803314209
2017-11-10,10.470973014831545
2017-11-13,10.641989707946776
2017-11-14,10.365744590759276
2017-11-15,10.16440200805664
2017-11-16,10.360835075378418
2017-11-17,10.261563301086426
2017-11-20,10.831857681274414
2017-11-21,10.883121490478516
2017-11-22,11.185614585876465
2017-11-24,11.14493179321289
2017-11-27,10.697707176208496
2017-11-28,10.174224853515623
2017-11-29,9.843302726745604
2017-11-30,9.868539810180664
2017-12-01,9.46263313293457
2017-12-04,8.62583065032959
2017-12-05,8.856431007385254
2017-12-06,8.92635440826416
2017-12-07,8.72436809539795
2017-12-08,8.59302806854248
2017-12-11,8.641936302185059
2017-12-12,8.747051239013672
2017-12-13,8.681612968444824
2017-12-14,8.844465255737305
2017-12-15,9.0801420211792
2017-12-18,9.20706844329834
2017-12-19,9.614983558654783
2017-12-20,9.590785026550291
2017-12-21,9.439478874206545
2017-12-22,9.463744163513184
2017-12-26,9.420365333557127
2017-12-27,9.209723472595217
2017-12-28,9.22592830657959
2017-12-29,9.164405822753906
2018-01-02,9.65758228302002
2018-01-03,10.039008140563965
2018-01-04,10.731871604919434
2018-01-05,10.402482986450195
2018-01-08,10.71369171142578
2018-01-09,10.780391693115234
2018-01-10,10.465633392333984
2018-01-11,10.567570686340332
2018-01-12,10.599998474121094
2018-01-16,11.137457847595217
2018-01-17,11.658364295959473
2018-01-18,11.826991081237791
2018-01-19,11.60275936126709
2018-01-22,12.154362678527832
2018-01-23,11.829911231994627
2018-01-24,11.699294090270996
2018-01-25,11.74727725982666
2018-01-26,11.924818992614746
2018-01-29,11.86813259124756
2018-01-30,11.51402187347412
2018-01-31,11.285164833068848
2018-02-01,11.777698516845703
2018-02-02,10.156133651733398
2018-02-05,9.4093599319458
2018-02-06,10.119961738586426
2018-02-07,9.307860374450684
2018-02-08,8.083648681640625
2018-02-09,9.184203147888184
2018-02-12,8.98633098602295
2018-02-13,9.348484992980955
2018-02-14,9.907939910888672
2018-02-15,9.37576961517334
2018-02-16,9.88182544708252
2018-02-20,10.078560829162598
2018-02-21,10.165230751037598
2018-02-22,9.989046096801758
2018-02-23,10.709667205810549
2018-02-26,10.587960243225098
2018-02-27,10.845760345458984
2018-02-28,11.0597505569458
2018-03-01,10.715335845947266
2018-03-02,10.784422874450684
2018-03-05,11.703783988952637
2018-03-06,12.189496994018556
2018-03-07,12.271336555480955
2018-03-08,12.208836555480955
2018-03-09,12.922211647033691
2018-03-12,13.152840614318848
2018-03-13,12.631672859191896
2018-03-14,13.001444816589355
2018-03-15,12.994508743286133
2018-03-16,12.747414588928224
2018-03-19,12.059947967529297
2018-03-20,12.296266555786133
2018-03-21,12.389725685119627
2018-03-22,11.096527099609377
2018-03-23,11.08568286895752
2018-03-26,11.004975318908691
2018-03-27,10.31976318359375
2018-03-28,10.463379859924316
2018-03-29,10.249890327453612
2018-04-02,9.35848617553711
2018-04-03,10.051247596740724
2018-04-04,10.325830459594728
2018-04-05,9.500649452209473
2018-04-06,9.436357498168944
2018-04-09,9.33341121673584
2018-04-10,9.822308540344238
2018-04-11,10.346466064453123
2018-04-12,10.499815940856934
2018-04-13,10.754486083984377
2018-04-16,10.196152687072754
2018-04-17,10.443280220031738
2018-04-18,10.678910255432127
2018-04-19,9.924941062927246
2018-04-20,8.891170501708984
2018-04-23,8.422211647033691
2018-04-24,8.510153770446777
2018-04-25,8.493799209594727
2018-04-26,8.976786613464355
2018-04-27,9.0470609664917
2018-04-30,8.66260814666748
2018-05-01,8.41199016571045
2018-05-02,8.90169620513916
2018-05-03,9.45778465270996
2018-05-04,9.193150520324709
2018-05-07,9.518487930297852
2018-05-08,9.941378593444824
2018-05-09,10.614117622375488
2018-05-10,10.66325855255127
2018-05-11,11.09061336517334
2018-05-14,10.833356857299805
2018-05-15,10.721839904785156
2018-05-16,10.653754234313965
2018-05-17,10.389531135559082
2018-05-18,10.640469551086426
2018-05-21,10.49362087249756
2018-05-22,10.450040817260742
2018-05-23,10.901402473449709
2018-05-24,10.855746269226074
2018-05-25,10.87704372406006
2018-05-29,11.391085624694824
2018-05-30,11.199584007263184
2018-05-31,11.346549034118652
2018-06-01,11.38925075531006
2018-06-04,11.503962516784668
2018-06-05,12.041953086853027
2018-06-06,12.431830406188965
2018-06-07,12.097140312194824
2018-06-08,11.873092651367188
2018-06-11,11.959816932678224
2018-06-12,12.038534164428713
2018-06-13,11.948554039001465
2018-06-14,11.666925430297852
2018-06-15,11.970569610595703
2018-06-18,11.755410194396973
2018-06-19,11.699058532714844
2018-06-20,11.421072959899902
2018-06-21,11.192659378051758
2018-06-22,10.520234107971191
2018-06-25,10.571228981018066
2018-06-26,9.99832820892334
2018-06-27,9.731738090515137
2018-06-28,10.076562881469728
2018-06-29,9.538434028625488
2018-07-02,9.97248077392578
2018-07-03,10.190022468566896
2018-07-05,10.046546936035156
2018-07-06,10.582315444946287
2018-07-09,11.104355812072754
2018-07-10,10.70847511291504
2018-07-11,10.39454460144043
2018-07-12,10.616143226623535
2018-07-13,10.236207008361816
2018-07-16,10.27046012878418
2018-07-17,10.450065612792969
2018-07-18,10.452069282531738
2018-07-19,10.433412551879885
2018-07-20,10.178154945373535
2018-07-23,9.877928733825684
2018-07-24,10.0821533203125
2018-07-25,10.411931037902832
2018-07-26,10.507733345031738
2018-07-27,10.497832298278809
2018-07-30,10.390461921691896
2018-07-31,10.27267074584961
2018-08-01,10.81696605682373
2018-08-02,10.640973091125488
2018-08-03,10.55578327178955
2018-08-06,11.27995777130127
2018-08-07,11.35823917388916
2018-08-08,11.22067165374756
2018-08-09,10.898276329040527
2018-08-10,10.173584938049316
2018-08-13,10.207477569580078
2018-08-14,10.244123458862305
2018-08-15,9.652003288269045
2018-08-16,9.786225318908691
2018-08-17,9.642037391662598
2018-08-20,9.350549697875977
2018-08-21,9.9176664352417
2018-08-22,10.002972602844238
2018-08-23,10.170310974121094
2018-08-24,10.85576629638672
2018-08-27,11.091218948364258
2018-08-28,11.412101745605469
2018-08-29,11.13904857635498
2018-08-30,10.94775676727295
2018-08-31,11.16288948059082
2018-09-04,11.547160148620604
2018-09-05,11.45016384124756
2018-09-06,10.611459732055664
2018-09-07,10.520874977111816
2018-09-10,10.592354774475098
2018-09-11,10.363927841186523
2018-09-12,10.22708797454834
2018-09-13,10.304817199707031
2018-09-14,10.283905982971191
2018-09-17,10.09383773803711
2018-09-18,10.126301765441896
2018-09-19,10.48994255065918
2018-09-20,10.581612586975098
2018-09-21,10.4043607711792
2018-09-24,10.226242065429688
2018-09-25,10.278849601745604
2018-09-26,9.890433311462402
2018-09-27,9.898828506469728
2018-09-28,9.851075172424316
2018-10-01,10.01797580718994
2018-10-02,10.506596565246582
2018-10-03,10.328753471374512
2018-10-04,9.852218627929688
2018-10-05,9.221272468566896
2018-10-08,9.094935417175291
2018-10-09,8.75553035736084
2018-10-10,7.949984073638916
2018-10-11,7.73527717590332
2018-10-12,8.052715301513672
2018-10-15,8.116528511047363
2018-10-16,8.010113716125488
2018-10-17,7.897622585296631
2018-10-18,7.885118007659912
2018-10-19,7.4150390625
2018-10-22,7.463651657104492
2018-10-23,7.115580081939697
2018-10-24,6.441653251647949
2018-10-25,6.616999626159668
2018-10-26,6.066376686096191
2018-10-29,6.27897834777832
2018-10-30,6.608831405639648
2018-10-31,7.220696926116943
2018-11-01,7.412779808044434
2018-11-02,7.633636474609375
2018-11-05,7.194340705871582
2018-11-06,7.388979434967041
2018-11-07,7.325738906860352
2018-11-08,7.501485824584961
2018-11-09,7.135895252227783
2018-11-12,6.372979164123535
2018-11-13,6.096837043762207
2018-11-14,6.611555099487305
2018-11-15,6.850160598754883
2018-11-16,6.680751323699951
2018-11-19,6.0471954345703125
2018-11-20,5.861190319061279
2018-11-21,5.938442230224609
2018-11-23,6.012302398681641
2018-11-26,6.088961601257324
2018-11-27,6.45051383972168
2018-11-28,6.546639919281006
2018-11-29,6.596445083618164
2018-11-30,7.017704963684082
2018-12-03,7.041323184967041
2018-12-04,6.75753116607666
2018-12-06,6.55289888381958
2018-12-07,5.575028419494629
2018-12-10,5.830055236816406
2018-12-11,5.8749284744262695
2018-12-12,6.410322189331055
2018-12-13,6.163791179656982
2018-12-14,5.774117469787598
2018-12-17,5.6950554847717285
2018-12-18,5.346704483032227
2018-12-19,5.196879386901856
2018-12-20,5.1610107421875
2018-12-21,4.687932968139648
2018-12-24,4.540135860443115
2018-12-26,5.428977966308594
2018-12-27,5.099214553833008
2018-12-28,5.220627307891846
2018-12-31,5.2882399559021
2019-01-02,5.524883270263672
2019-01-03,5.035408020019531
2019-01-04,5.6171040534973145
2019-01-07,5.169106960296631
2019-01-08,5.388383865356445
2019-01-09,5.733696937561035
2019-01-10,5.945141792297363
2019-01-11,5.833751678466797
2019-01-14,5.59613037109375
2019-01-15,5.545941352844238
2019-01-16,5.949805736541748
2019-01-17,5.761296272277832
2019-01-18,5.811741828918457
2019-01-22,5.5428619384765625
2019-01-23,5.852908134460449
2019-01-24,6.343027114868164
2019-01-25,6.822902679443359
2019-01-28,6.675241947174072
2019-01-29,6.130921840667725
2019-01-30,6.704787254333496
2019-01-31,6.908248901367188
2019-02-01,7.113981246948242
2019-02-04,6.972668647766113
2019-02-05,7.374749660491943
2019-02-06,7.407370090484619
2019-02-07,7.54093074798584
2019-02-08,7.233861923217773
2019-02-11,7.027836799621582
2019-02-12,7.706118106842041
2019-02-13,8.121047019958496
2019-02-14,7.887660026550293
2019-02-15,7.9798760414123535
2019-02-19,7.955779552459717
2019-02-20,8.504514694213867
2019-02-21,8.646509170532227
2019-02-22,8.553938865661621
2019-02-25,8.623159408569336
2019-02-26,8.720650672912598
2019-02-27,8.440799713134766
2019-02-28,8.238662719726562
2019-03-01,8.972092628479004
2019-03-04,8.649476051330566
2019-03-05,8.507174491882324
2019-03-06,8.367058753967285
2019-03-07,8.219531059265137
2019-03-08,8.079755783081055
2019-03-11,8.280348777770996
2019-03-12,8.607901573181152
2019-03-13,8.829817771911621
2019-03-14,8.652152061462402
2019-03-15,9.062777519226074
2019-03-18,9.379827499389648
2019-03-19,9.55906581878662
2019-03-20,9.662983894348145
2019-03-21,10.02878189086914
2019-03-22,9.354828834533691
2019-03-25,9.45069980621338
2019-03-26,9.511195182800291
2019-03-27,9.296128273010254
2019-03-28,9.613579750061035
2019-03-29,9.478079795837402
2019-04-01,10.341534614562988
2019-04-02,10.203234672546388
2019-04-03,10.72092056274414
2019-04-04,10.957207679748535
2019-04-05,11.328558921813965
2019-04-08,11.245789527893066
2019-04-09,11.311713218688965
2019-04-10,10.764369010925291
2019-04-11,10.860395431518556
2019-04-12,11.448086738586426
2019-04-15,11.169469833374023
2019-04-16,11.90694522857666
2019-04-17,12.71806812286377
2019-04-18,12.92674160003662
2019-04-22,13.12941551208496
2019-04-23,13.18282699584961
2019-04-24,13.43334674835205
2019-04-25,12.783736228942873
2019-04-26,13.086581230163574
2019-04-29,12.547704696655272
2019-04-30,12.658023834228516
2019-05-01,13.052397727966309
2019-05-02,13.096226692199709
2019-05-03,12.823009490966797
2019-05-06,12.683219909667969
2019-05-07,11.821345329284668
2019-05-08,11.65811252593994
2019-05-09,11.05953884124756
2019-05-10,10.291451454162598
2019-05-13,9.883505821228027
2019-05-14,10.262380599975586
2019-05-15,10.45932388305664
2019-05-16,9.600872039794922
2019-05-17,9.166800498962402
2019-05-20,8.539790153503418
2019-05-21,8.232776641845703
2019-05-22,8.114365577697754
2019-05-23,7.663562774658203
2019-05-24,7.485422611236572
2019-05-28,7.096446990966797
2019-05-29,7.197817802429199
2019-05-30,7.489599227905273
2019-05-31,7.2271623611450195
2019-06-03,7.562179565429687
2019-06-04,7.7785563468933105
2019-06-05,7.854097843170166
2019-06-06,8.609597206115723
2019-06-07,8.587985038757324
2019-06-10,8.900732040405273
2019-06-11,9.00330638885498
2019-06-12,8.793801307678223
2019-06-13,8.6033353805542
2019-06-14,8.399945259094238
2019-06-17,8.436474800109863
2019-06-18,9.049691200256348
2019-06-19,8.978318214416504
2019-06-20,9.341736793518066
2019-06-21,9.10544776916504
2019-06-24,9.423310279846191
2019-06-25,9.513470649719238
2019-06-26,9.5532865524292
2019-06-27,10.41005039215088
2019-06-28,10.171048164367676
2019-07-01,10.956515312194824
2019-07-02,10.790215492248535
2019-07-03,10.52152156829834
2019-07-05,10.22508144378662
2019-07-08,10.232160568237305
2019-07-09,10.146845817565918
2019-07-10,10.093482971191406
2019-07-11,10.30029010772705
2019-07-12,10.612482070922852
2019-07-15,10.828639030456545
2019-07-16,10.927257537841797
2019-07-17,10.868582725524902
2019-07-18,11.287142753601074
2019-07-19,11.089311599731444
2019-07-22,11.60979461669922
2019-07-23,12.69050121307373
2019-07-24,13.105366706848145
2019-07-25,12.900370597839355
2019-07-26,12.672418594360352
2019-07-29,13.02333927154541
2019-07-30,12.353630065917969
2019-07-31,11.609074592590332
2019-08-01,11.057021141052246
2019-08-02,10.583537101745604
2019-08-05,9.51975154876709
2019-08-06,9.609683990478516
2019-08-07,9.844416618347168
2019-08-08,10.048312187194824
2019-08-09,9.730185508728027
2019-08-12,9.346253395080566
2019-08-13,9.977740287780762
2019-08-14,9.427657127380373
2019-08-15,9.656957626342772
2019-08-16,10.15722370147705
2019-08-19,10.607869148254396
2019-08-20,10.792603492736816
2019-08-21,10.533723831176758
2019-08-22,10.287671089172363
2019-08-23,9.803718566894531
2019-08-26,9.621121406555176
2019-08-27,9.46812915802002
2019-08-28,9.629082679748535
2019-08-29,10.295896530151367
2019-08-30,9.815985679626465
2019-09-03,9.646405220031738
2019-09-04,10.287840843200684
2019-09-05,11.050792694091797
2019-09-06,11.216338157653809
2019-09-09,11.003647804260254
2019-09-10,11.516599655151367
2019-09-11,11.86884880065918
2019-09-12,11.869522094726562
2019-09-13,12.443116188049316
2019-09-16,11.923644065856934
2019-09-17,11.740172386169434
2019-09-18,11.889626502990724
2019-09-19,11.986308097839355
2019-09-20,11.42806911468506
2019-09-23,11.3229341506958
2019-09-24,11.34726619720459
2019-09-25,11.6082124710083
2019-09-26,11.64875030517578
2019-09-27,11.032705307006836
2019-09-30,11.50296115875244
2019-10-01,10.989224433898926
2019-10-02,10.836167335510254
2019-10-03,11.373125076293944
2019-10-04,11.323163032531738
2019-10-07,11.503457069396973
2019-10-08,10.312460899353027
2019-10-09,11.131195068359377
2019-10-10,11.367947578430176
2019-10-11,11.541199684143066
2019-10-14,12.25540828704834
2019-10-15,12.526684761047363
2019-10-16,12.137089729309082
2019-10-17,12.110784530639648
2019-10-18,12.081958770751951
2019-10-21,12.152132987976074
2019-10-22,12.150954246520996
2019-10-23,11.95651912689209
2019-10-24,12.802266120910645
2019-10-25,12.88121509552002
2019-10-28,13.726236343383787
2019-10-29,13.842934608459473
2019-10-30,13.390326499938965
2019-10-31,13.95399570465088
2019-11-01,13.967529296875
2019-11-04,15.024311065673828
2019-11-05,15.012595176696776
2019-11-06,14.581839561462402
2019-11-07,15.297626495361328
2019-11-08,15.295069694519045
2019-11-11,14.964916229248049
2019-11-12,14.935554504394531
2019-11-13,15.095847129821776
2019-11-14,15.47593116760254
2019-11-15,15.18249797821045
2019-11-18,15.70751953125
2019-11-19,14.961553573608398
2019-11-20,14.542010307312012
2019-11-21,14.397008895874023
2019-11-22,14.58870792388916
2019-11-25,15.22775936126709
2019-11-26,14.703811645507812
2019-11-27,14.85543155670166
2019-11-29,14.36081600189209
2019-12-02,14.095745086669922
2019-12-03,13.54372215270996
2019-12-04,13.742196083068848
2019-12-05,14.350985527038574
2019-12-06,14.300702095031738
2019-12-09,14.546774864196776
2019-12-10,15.008265495300291
2019-12-11,15.869956016540527
2019-12-12,16.145992279052734
2019-12-13,16.66532325744629
2019-12-16,16.937747955322266
2019-12-17,17.423812866210938
2019-12-18,17.570903778076172
2019-12-19,17.835773468017578
2019-12-20,18.26569557189941
2019-12-23,18.818607330322266
2019-12-24,18.507511138916016
2019-12-26,18.789819717407227
2019-12-27,18.176475524902344
2019-12-30,17.872013092041016
2019-12-31,18.36581039428711
2020-01-02,18.732690811157227
2020-01-03,18.126039505004883
2020-01-06,17.768600463867188
2020-01-07,18.62337875366211
2020-01-08,18.839157104492188
2020-01-09,18.750320434570312
2020-01-10,18.53996467590332
2020-01-13,18.838769912719727
2020-01-14,18.920455932617188
2020-01-15,18.726831436157227
2020-01-16,19.827129364013672
2020-01-17,19.60583877563477
2020-01-21,20.184534072875977
2020-01-22,20.126087188720703
2020-01-23,20.825136184692383
2020-01-24,19.84440422058105
2020-01-27,18.256650924682617
2020-01-28,18.97323989868164
2020-01-29,18.703277587890625
2020-01-30,17.848833084106445
2020-01-31,17.28533172607422
2020-02-03,17.020849227905273
2020-02-04,18.364971160888672
2020-02-05,18.88893699645996
2020-02-06,19.48131561279297
2020-02-07,18.305553436279297
2020-02-10,19.36935806274414
2020-02-11,20.14850616455078
2020-02-12,20.78083038330078
2020-02-13,21.370683670043945
2020-02-14,20.57848358154297
2020-02-18,20.784915924072266
2020-02-19,21.700342178344727
2020-02-20,20.640567779541016
2020-02-21,18.864866256713867
2020-02-24,16.67679214477539
2020-02-25,15.310379981994627
2020-02-26,15.05601978302002
2020-02-27,13.47921657562256
2020-02-28,14.1624174118042
2020-03-02,14.611580848693848
2020-03-03,14.270245552062988
2020-03-04,15.580851554870604
2020-03-05,13.991886138916016
2020-03-06,12.899121284484863
2020-03-09,10.893149375915527
2020-03-10,12.09205722808838
2020-03-11,9.537192344665527
2020-03-12,7.703296184539795
2020-03-13,8.93514347076416
2020-03-16,5.820334911346436
2020-03-17,6.6049346923828125
2020-03-18,4.787101745605469
2020-03-19,5.0611982345581055
2020-03-20,4.216176509857178
2020-03-23,5.476964950561523
2020-03-24,6.486507415771484
2020-03-25,6.380651473999023
2020-03-26,7.37777853012085
2020-03-27,6.689312934875488
2020-03-30,6.998988151550293
2020-03-31,6.430234909057617
2020-04-01,6.283335208892822
2020-04-02,6.380890369415283
2020-04-03,6.275935173034668
2020-04-06,6.920390129089356
2020-04-07,7.30037784576416
2020-04-08,8.46675968170166
2020-04-09,7.590157508850098
2020-04-13,8.700234413146973
2020-04-14,8.812885284423828
2020-04-15,8.658583641052246
2020-04-16,8.591200828552246
2020-04-17,8.775376319885254
2020-04-20,8.295578002929688
2020-04-21,8.153847694396973
2020-04-22,8.354826927185059
2020-04-23,8.233372688293457
2020-04-24,8.544642448425293
2020-04-27,9.059590339660645
2020-04-28,9.277581214904783
2020-04-29,9.740689277648926
2020-04-30,8.99482250213623
2020-05-01,8.162768363952637
2020-05-04,7.852682113647461
2020-05-05,7.995993614196777
2020-05-06,8.690939903259277
2020-05-07,8.88314151763916
2020-05-08,9.650327682495115
2020-05-11,9.09993839263916
2020-05-12,8.807576179504395
2020-05-13,8.371695518493652
2020-05-14,8.592772483825684
2020-05-15,8.52999210357666
2020-05-18,9.181466102600098
2020-05-19,9.345973014831545
2020-05-20,9.730324745178224
2020-05-21,9.59796142578125
2020-05-22,9.718949317932127
2020-05-26,10.040173530578612
2020-05-27,10.188261032104492
2020-05-28,9.484082221984863
2020-05-29,10.264545440673828
2020-06-01,10.334832191467283
2020-06-02,11.000914573669434
2020-06-03,11.795793533325195
2020-06-04,11.783916473388672
2020-06-05,12.80949878692627
2020-06-08,12.886577606201172
2020-06-09,12.963979721069336
2020-06-10,12.70747184753418
2020-06-11,10.92774486541748
2020-06-12,11.4479398727417
2020-06-15,11.625285148620604
2020-06-16,12.379063606262209
2020-06-17,12.60436725616455
2020-06-18,12.78458309173584
2020-06-19,12.548020362854004
2020-06-22,12.96231174468994
2020-06-23,12.477604866027832
2020-06-24,11.937517166137695
2020-06-25,12.293033599853516
2020-06-26,12.19473934173584
2020-06-29,12.19536304473877
2020-06-30,12.416010856628418
2020-07-01,12.567532539367676
2020-07-02,12.73951244354248
2020-07-06,13.056036949157717
2020-07-07,13.8016996383667
2020-07-08,14.02906608581543
2020-07-09,13.28557300567627
2020-07-10,13.870563507080078
2020-07-13,13.83037281036377
2020-07-14,14.07077693939209
2020-07-15,13.835700988769531
2020-07-16,14.005732536315918
2020-07-17,14.38570499420166
2020-07-20,14.857373237609863
2020-07-21,14.158345222473145
2020-07-22,14.357516288757324
2020-07-23,14.290839195251465
2020-07-24,13.501233100891112
2020-07-27,13.700060844421388
2020-07-28,14.250428199768066
2020-07-29,14.453529357910156
2020-07-30,15.11696434020996
2020-07-31,15.2542142868042
2020-08-03,15.89069652557373
2020-08-04,16.60101318359375
2020-08-05,16.532123565673828
2020-08-06,16.30648422241211
2020-08-07,16.145788192749023
2020-08-10,15.561396598815918
2020-08-11,16.044315338134766
2020-08-12,16.67265510559082
2020-08-13,15.95773983001709
2020-08-14,16.701332092285156
2020-08-17,16.340106964111328
2020-08-18,16.797256469726562
2020-08-19,16.61421012878418
2020-08-20,15.958097457885742
2020-08-21,16.5502872467041
2020-08-24,16.799007415771484
2020-08-25,17.041709899902344
2020-08-26,17.558731079101562
2020-08-27,16.801128387451172
2020-08-28,17.401836395263672
2020-08-31,18.008262634277344
2020-09-01,19.394872665405277
2020-09-02,19.51684188842773
2020-09-03,17.269515991210938
2020-09-04,16.405792236328125
2020-09-08,14.427699089050291
2020-09-09,15.612302780151367
2020-09-10,14.651471138000488
2020-09-11,15.08563995361328
2020-09-14,15.673970222473145
2020-09-15,16.07258415222168
2020-09-16,15.98908519744873
2020-09-17,16.117130279541016
2020-09-18,15.149962425231934
2020-09-21,15.148462295532228
2020-09-22,15.176626205444336
2020-09-23,14.826042175292969
2020-09-24,15.269280433654783
2020-09-25,15.49345588684082
2020-09-28,16.385517120361328
2020-09-29,16.96133041381836
2020-09-30,16.916427612304688
2020-10-01,17.511520385742188
2020-10-02,16.79658317565918
2020-10-05,17.656648635864258
2020-10-06,17.9490966796875
2020-10-07,18.348237991333008
2020-10-08,19.2525634765625
2020-10-09,20.35903549194336
2020-10-12,21.08427047729492
2020-10-13,21.0205192565918
2020-10-14,20.82827377319336
2020-10-15,20.429462432861328
2020-10-16,20.240497589111328
2020-10-19,20.526973724365234
2020-10-20,19.75566864013672
2020-10-21,19.462142944335938
2020-10-22,19.523170471191406
2020-10-23,18.824432373046875
2020-10-26,18.83380508422852
2020-10-27,18.1179313659668
2020-10-28,17.05138397216797
2020-10-29,17.636472702026367
2020-10-30,16.83254051208496
2020-11-02,17.07297134399414
2020-11-03,18.813831329345703
2020-11-04,19.891231536865234
2020-11-05,21.905075073242188
2020-11-06,23.280595779418945
2020-11-09,22.772090911865234
2020-11-10,21.334922790527344
2020-11-11,21.92035484313965
2020-11-12,21.97299575805664
2020-11-13,23.032609939575195
2020-11-16,24.191560745239254
2020-11-17,23.485450744628903
2020-11-18,23.02212142944336
2020-11-19,24.369216918945312
2020-11-20,23.762306213378903
2020-11-23,24.5427303314209
2020-11-24,25.10943984985352
2020-11-25,25.33594512939453
2020-11-27,25.529163360595703
2020-11-30,26.95703887939453
2020-12-01,27.789344787597656
2020-12-02,28.6964168548584
2020-12-03,28.692975997924805
2020-12-04,30.47118186950684
2020-12-07,31.312931060791016
2020-12-08,30.882118225097656
2020-12-09,29.41303825378418
2020-12-10,28.71215057373047
2020-12-11,28.265085220336918
2020-12-14,28.853425979614254
2020-12-15,30.105438232421875
2020-12-16,30.37947654724121
2020-12-17,30.458770751953125
2020-12-18,29.74637222290039
2020-12-21,29.432281494140625
2020-12-22,28.815635681152344
2020-12-23,29.318134307861328
2020-12-24,29.045631408691406
2020-12-28,29.05025863647461
2020-12-29,29.432147979736328
2020-12-30,29.506319046020508
2020-12-31,31.306182861328125
2021-01-04,30.52686882019043
2021-01-05,32.40711212158203
2021-01-06,32.27082061767578
2021-01-07,35.324119567871094
2021-01-08,35.03606414794922
2021-01-11,37.06587600708008
2021-01-12,37.25505065917969
2021-01-13,37.4341049194336
2021-01-14,39.932125091552734
2021-01-15,38.74626541137695
2021-01-19,41.441162109375
2021-01-20,40.89078521728516
2021-01-21,42.07324600219727
2021-01-22,40.565391540527344
2021-01-25,41.30656433105469
2021-01-26,38.109825134277344
2021-01-27,33.82792282104492
2021-01-28,35.13841247558594
2021-01-29,34.415218353271484
2021-02-01,37.122161865234375
2021-02-02,38.22212600708008
2021-02-03,36.96172332763672
2021-02-04,38.09404754638672
2021-02-05,36.92528533935547
2021-02-08,39.120643615722656
2021-02-09,40.09294891357422
2021-02-10,40.02722930908203
2021-02-11,44.30503845214844
2021-02-12,45.18523406982422
2021-02-16,46.33922576904297
2021-02-17,44.53850555419922
2021-02-18,43.04591369628906
2021-02-19,45.05638122558594
2021-02-22,41.24079895019531
2021-02-23,41.84782409667969
2021-02-24,42.43661117553711
2021-02-25,37.1472053527832
2021-02-26,39.45641326904297
2021-03-01,41.83008575439453
2021-03-02,39.5094108581543
2021-03-03,35.62134552001953
2021-03-04,30.82644271850586
2021-03-05,33.25871658325195
2021-03-08,28.507930755615234
2021-03-09,33.15415954589844
2021-03-10,30.93030166625977
2021-03-11,34.75675201416016
2021-03-12,33.919891357421875
2021-03-15,36.25360107421875
2021-03-16,37.31745147705078
2021-03-17,38.38291931152344
2021-03-18,34.53440856933594
2021-03-19,35.45503234863281
2021-03-22,36.26072692871094
2021-03-23,35.15216064453125
2021-03-24,32.942970275878906
2021-03-25,33.50733184814453
2021-03-26,37.84149932861328
2021-03-29,35.65174102783203
2021-03-30,35.511863708496094
2021-03-31,38.49518966674805
2021-04-01,42.188568115234375
2021-04-05,45.109859466552734
2021-04-06,43.02076721191406
2021-04-07,43.603275299072266
2021-04-08,44.504981994628906
2021-04-09,43.866302490234375
2021-04-12,42.74445343017578
2021-04-13,42.3140869140625
2021-04-14,41.814483642578125
2021-04-15,42.33850860595703
2021-04-16,42.49755859375
2021-04-19,39.980247497558594
2021-04-20,38.31993865966797
2021-04-21,39.71184158325195
2021-04-22,39.07393646240234
2021-04-23,40.4248046875
2021-04-26,42.31523895263672
2021-04-27,41.15086364746094
2021-04-28,39.45572662353516
2021-04-29,40.209449768066406
2021-04-30,37.28926086425781
2021-05-03,35.79780960083008
2021-05-04,34.37641143798828
2021-05-05,35.18988800048828
2021-05-06,35.82834243774414
2021-05-07,36.43834686279297
2021-05-10,32.58292388916016
2021-05-11,31.82301139831543
2021-05-12,28.982746124267575
2021-05-13,29.960281372070312
2021-05-14,31.866886138916016
2021-05-17,31.1702880859375
2021-05-18,30.33837127685547
2021-05-19,32.458518981933594
2021-05-20,33.948822021484375
2021-05-21,34.8505859375
2021-05-24,35.95063018798828
2021-05-25,36.74225616455078
2021-05-26,37.00264739990234
2021-05-27,37.76372528076172
2021-05-28,38.4238395690918
2021-06-01,38.57256317138672
2021-06-02,38.56092071533203
2021-06-03,36.96907043457031
2021-06-04,39.9627685546875
2021-06-07,38.74156951904297
2021-06-08,37.81660842895508
2021-06-09,37.68232727050781
2021-06-10,39.01860046386719
2021-06-11,39.25666046142578
2021-06-14,41.1755256652832
2021-06-15,40.075477600097656
2021-06-16,39.57007598876953
2021-06-17,39.55336380004883
2021-06-18,37.75405502319336
2021-06-21,38.33364868164063
2021-06-22,38.574951171875
2021-06-23,39.72721099853516
2021-06-24,40.61176681518555
2021-06-25,41.08530807495117
2021-06-28,43.32935333251953
2021-06-29,44.28630828857422
2021-06-30,44.32956314086914
2021-07-01,43.14201736450195
2021-07-02,42.95245361328125
2021-07-06,42.757774353027344
2021-07-07,41.41305541992188
2021-07-08,39.75078582763672
2021-07-09,41.534706115722656
2021-07-12,43.15248107910156
2021-07-13,43.0250129699707
2021-07-14,41.01165008544922
2021-07-15,39.3377685546875
2021-07-16,37.61927795410156
2021-07-19,36.64306640625
2021-07-20,38.82633972167969
2021-07-21,41.32518768310547
2021-07-22,40.84053802490234
2021-07-23,41.25801467895508
2021-07-26,41.50244140625
2021-07-27,39.826805114746094
2021-07-28,40.61855697631836
2021-07-29,43.3997688293457
2021-07-30,44.38423156738281
2021-08-02,45.277137756347656
2021-08-03,45.711181640625
2021-08-04,46.67683410644531
2021-08-05,47.07586669921875
2021-08-06,45.8839225769043
2021-08-09,45.697059631347656
2021-08-10,44.44159698486328
2021-08-11,43.80758285522461
2021-08-12,42.35771179199219
2021-08-13,43.09376525878906
2021-08-16,42.61083221435547
2021-08-17,40.13643264770508
2021-08-18,39.039947509765625
2021-08-19,39.60302734375
2021-08-20,41.58174896240234
2021-08-23,43.47146224975586
2021-08-24,43.96850204467773
2021-08-25,44.808326721191406
2021-08-26,45.15768814086914
2021-08-27,46.89905548095703
2021-08-30,47.10710525512695
2021-08-31,47.027435302734375
2021-09-01,45.81227111816406
2021-09-02,45.80304718017578
2021-09-03,47.30304336547852
2021-09-07,46.57377624511719
2021-09-08,44.85774993896485
2021-09-09,45.8881721496582
2021-09-10,46.58706665039063
2021-09-13,47.31199645996094
2021-09-14,47.8389892578125
2021-09-15,47.87685394287109
2021-09-16,48.45238494873047
2021-09-17,46.776611328125
2021-09-20,44.045684814453125
2021-09-21,43.19267654418945
2021-09-22,46.35504150390625
2021-09-23,48.438514709472656
2021-09-24,47.1623420715332
2021-09-27,46.97330474853516
2021-09-28,42.7784423828125
2021-09-29,40.69490814208984
2021-09-30,39.99009323120117
2021-10-01,39.63115310668945
2021-10-04,38.31333923339844
2021-10-05,38.17695999145508
2021-10-06,39.12870788574219
2021-10-07,39.95468521118164
2021-10-08,39.43226623535156
2021-10-11,37.883209228515625
2021-10-12,36.927833557128906
2021-10-13,37.50642395019531
2021-10-14,41.02879333496094
2021-10-15,41.16735076904297
2021-10-18,43.34994888305664
2021-10-19,44.431251525878906
2021-10-20,43.66610336303711
2021-10-21,45.10501480102539
2021-10-22,44.70494842529297
2021-10-25,44.43970489501953
2021-10-26,44.44895935058594
2021-10-27,44.00111770629883
2021-10-28,46.770538330078125
2021-10-29,47.36251449584961
2021-11-01,49.54219436645508
2021-11-02,50.98055267333984
2021-11-03,53.3580322265625
2021-11-04,58.52187728881836
2021-11-05,60.62727355957031
2021-11-08,63.523712158203125
2021-11-09,62.46550369262695
2021-11-10,58.66347122192383
2021-11-11,60.74845123291016
2021-11-12,62.84239196777344
2021-11-15,62.68034362792969
2021-11-16,65.00094604492188
2021-11-17,65.00326538085938
2021-11-18,66.33563995361328
2021-11-19,67.4990234375
2021-11-22,65.36102294921875
2021-11-23,64.25160217285156
2021-11-24,66.0963134765625
2021-11-26,61.65863800048828
2021-11-29,67.21659851074219
2021-11-30,64.52348327636719
2021-12-01,63.09634780883789
2021-12-02,61.95613479614258
2021-12-03,62.80755615234375
2021-12-06,63.1645736694336
2021-12-07,69.10775756835938
2021-12-08,69.21724700927734
2021-12-09,66.81547546386719
2021-12-10,67.2171630859375
2021-12-13,61.41872787475586
2021-12-14,62.02741241455078
2021-12-15,66.78288269042969
2021-12-16,58.91040802001953
2021-12-17,58.21699523925781
2021-12-20,57.745941162109375
2021-12-21,63.06236267089844
2021-12-22,64.88214111328125
2021-12-23,66.34208679199219
2021-12-27,71.28852844238281
2021-12-28,71.15758514404297
2021-12-29,70.2337646484375
2021-12-30,68.33529663085938
2021-12-31,68.62088012695312
2022-01-03,68.184326171875
2022-01-04,70.29490661621094
2022-01-05,69.58770751953125
2022-01-06,66.36283874511719
2022-01-07,68.74944305419922
2022-01-10,63.14578628540039
2022-01-11,64.37506866455078
2022-01-12,66.1806640625
2022-01-13,66.55107116699219
2022-01-14,60.2572021484375
2022-01-18,62.69272613525391
2022-01-19,58.58666610717773
2022-01-20,56.87937545776367
2022-01-21,53.778751373291016
2022-01-24,52.62202453613281
2022-01-25,52.00078582763672
2022-01-26,51.52146911621094
2022-01-27,50.29115295410156
2022-01-28,43.336875915527344
2022-01-31,42.0211296081543
2022-02-01,42.96095657348633
2022-02-02,46.04224395751953
2022-02-03,49.34843826293945
2022-02-04,48.78799057006836
2022-02-07,47.90105056762695
2022-02-08,45.886905670166016
2022-02-09,47.31840515136719
2022-02-10,49.75317001342773
2022-02-11,48.5671501159668
2022-02-14,43.7774658203125
2022-02-15,45.123783111572266
2022-02-16,45.48247909545898
2022-02-17,46.47906494140625
2022-02-18,47.04120635986328
2022-02-22,43.24678039550781
2022-02-23,43.25448989868164
2022-02-24,39.695743560791016
2022-02-25,37.228145599365234
2022-02-28,37.994285583496094
2022-03-01,40.365760803222656
2022-03-02,39.775691986083984
2022-03-03,37.48809051513672
2022-03-04,40.89777755737305
2022-03-07,38.18854141235352
2022-03-08,34.82323455810547
2022-03-09,32.04449844360352
2022-03-10,31.419736862182617
2022-03-11,34.93975830078125
2022-03-14,34.60810470581055
2022-03-15,33.24459457397461
2022-03-16,31.65195083618164
2022-03-17,30.47060775756836
2022-03-18,34.66545486450195
2022-03-21,35.42959213256836
2022-03-22,39.07379531860352
2022-03-23,42.68999481201172
2022-03-24,42.05200958251953
2022-03-25,42.991119384765625
2022-03-28,45.29181671142578
2022-03-29,45.1866340637207
2022-03-30,46.07617950439453
2022-03-31,44.42061233520508
