Date,Pred_Close_XSR,Pred_Close_MAMBA,Pred_Close_FED
2014-01-03,,,
2014-01-06,,,
2014-01-07,,,
2014-01-08,,,
2014-01-09,,,
2014-01-10,,,
2014-01-13,,,
2014-01-14,,,
2014-01-15,,,
2014-01-16,,,
2014-01-17,,,
2014-01-21,,,
2014-01-22,,,
2014-01-23,,,
2014-01-24,,,
2014-01-27,,,
2014-01-28,,,
2014-01-29,,,
2014-01-30,,,
2014-01-31,,,
2014-02-03,,,
2014-02-04,,,
2014-02-05,,,
2014-02-06,,,
2014-02-07,,,
2014-02-10,,,
2014-02-11,,,
2014-02-12,,,
2014-02-13,,,
2014-02-14,,,
2014-02-18,,,
2014-02-19,,,
2014-02-20,,,
2014-02-21,,,
2014-02-24,,,
2014-02-25,,,
2014-02-26,,,
2014-02-27,,,
2014-02-28,,,
2014-03-03,,,
2014-03-04,,,
2014-03-05,,,
2014-03-06,,,
2014-03-07,,,
2014-03-10,,,
2014-03-11,,,
2014-03-12,,,
2014-03-13,,,
2014-03-14,,,
2014-03-17,,,
2014-03-18,,,
2014-03-19,,,
2014-03-20,,,
2014-03-21,,,
2014-03-24,,,
2014-03-25,,,
2014-03-26,,,
2014-03-27,,,
2014-03-28,,,
2014-03-31,,,
2014-04-01,,1.7613019943237305,
2014-04-02,,1.488931655883789,
2014-04-03,,1.5823822021484375,
2014-04-04,,1.55789315700531,
2014-04-07,,1.5176210403442385,
2014-04-08,,1.3711549043655396,
2014-04-09,,1.462080717086792,
2014-04-10,,1.4507238864898682,
2014-04-11,,1.3905543088912964,
2014-04-14,,1.3815888166427612,
2014-04-15,,1.3981581926345823,
2014-04-16,,1.3513983488082886,
2014-04-17,,1.3944425582885742,
2014-04-21,,1.27512788772583,
2014-04-22,,1.599642276763916,
2014-04-23,,1.6882061958312988,
2014-04-24,,1.5540783405303955,
2014-04-25,,1.4196836948394775,
2014-04-28,,1.18471360206604,
2014-04-29,,1.3143670558929443,
2014-04-30,,1.3883894681930542,
2014-05-01,,1.310558557510376,
2014-05-02,,1.3174291849136353,
2014-05-05,,1.2863576412200928,
2014-05-06,,1.2492493391036987,
2014-05-07,,1.3954617977142334,
2014-05-08,,1.3637107610702517,
2014-05-09,,1.417155385017395,
2014-05-12,,1.377325415611267,
2014-05-13,,1.3430556058883667,
2014-05-14,,1.3915657997131348,
2014-05-15,,1.285015106201172,
2014-05-16,,1.2303743362426758,
2014-05-19,,1.4005012512207031,
2014-05-20,,1.4722013473510742,
2014-05-21,,1.3671083450317385,
2014-05-22,,1.5319902896881104,
2014-05-23,,1.3545808792114258,
2014-05-27,,1.4006812572479248,
2014-05-28,,1.5657302141189575,
2014-05-29,,1.5979551076889038,
2014-05-30,,1.578114032745361,
2014-06-02,,1.5828485488891602,
2014-06-03,,1.6215379238128662,
2014-06-04,,1.7186880111694336,
2014-06-05,,1.8098199367523196,
2014-06-06,,1.75351881980896,
2014-06-09,,1.7436116933822632,
2014-06-10,,1.6362817287445068,
2014-06-11,,1.7745563983917236,
2014-06-12,,1.821661353111267,
2014-06-13,,1.787743330001831,
2014-06-16,,1.8216990232467647,
2014-06-17,,1.7757177352905271,
2014-06-18,,1.7221455574035645,
2014-06-19,,2.0734689235687256,
2014-06-20,,1.7747738361358645,
2014-06-23,,1.6867009401321411,
2014-06-24,,1.8147766590118408,
2014-06-25,,1.7931780815124512,
2014-06-26,,1.846874475479126,
2014-06-27,,1.7834718227386477,
2014-06-30,,1.8389867544174197,
2014-07-01,,1.947738766670227,
2014-07-02,,2.0430383682250977,
2014-07-03,,2.0761020183563232,
2014-07-07,,2.129058361053467,
2014-07-08,,1.8685050010681152,
2014-07-09,,1.8594696521759035,
2014-07-10,,2.016276597976685,
2014-07-11,,1.7015516757965088,
2014-07-14,,1.9087765216827397,
2014-07-15,,1.993846416473389,
2014-07-16,,1.917469501495361,
2014-07-17,,2.139230966567993,
2014-07-18,,2.0366902351379395,
2014-07-21,,2.007136106491089,
2014-07-22,,1.8463659286499023,
2014-07-23,,1.8312748670578003,
2014-07-24,,1.6282737255096436,
2014-07-25,,1.678166151046753,
2014-07-28,,1.5315393209457395,
2014-07-29,,1.6239886283874512,
2014-07-30,,1.6874583959579468,
2014-07-31,,1.7307738065719604,
2014-08-01,,1.5729167461395264,
2014-08-04,,1.6964305639266968,
2014-08-05,,1.7976481914520264,
2014-08-06,,1.6100348234176636,
2014-08-07,,1.5377850532531738,
2014-08-08,,1.4810097217559814,
2014-08-11,,1.7617902755737305,
2014-08-12,,1.6770691871643066,
2014-08-13,,1.5426450967788696,
2014-08-14,,1.5472209453582764,
2014-08-15,,1.796666145324707,
2014-08-18,,1.7472411394119265,
2014-08-19,,1.732709884643555,
2014-08-20,,1.8665707111358645,
2014-08-21,,1.8666431903839111,
2014-08-22,,1.9792556762695312,
2014-08-25,,1.8495551347732544,
2014-08-26,,1.5826895236968994,
2014-08-27,,1.7114863395690918,
2014-08-28,,1.7380414009094238,
2014-08-29,,1.8608598709106443,
2014-09-02,,1.9411253929138184,
2014-09-03,,1.8572700023651123,
2014-09-04,,1.9324333667755127,
2014-09-05,,2.0054852962493896,
2014-09-08,,2.040919542312622,
2014-09-09,,1.9569333791732788,
2014-09-10,,1.9381036758422847,
2014-09-11,,1.854362964630127,
2014-09-12,,1.964115619659424,
2014-09-15,,1.8891141414642332,
2014-09-16,,1.9365365505218504,
2014-09-17,,1.904552102088928,
2014-09-18,,2.120910882949829,
2014-09-19,,2.0212764739990234,
2014-09-22,,1.9306371212005613,
2014-09-23,,1.7809901237487793,
2014-09-24,,1.7876510620117188,
2014-09-25,,1.854565143585205,
2014-09-26,,1.949629783630371,
2014-09-29,,1.647748947143555,
2014-09-30,,1.6926257610321045,
2014-10-01,,1.845083236694336,
2014-10-02,,1.7319170236587524,
2014-10-03,,1.810844898223877,
2014-10-06,,1.9608094692230225,
2014-10-07,,1.760206937789917,
2014-10-08,,1.6172512769699097,
2014-10-09,,1.3853838443756104,
2014-10-10,,1.2678730487823486,
2014-10-13,,1.314438819885254,
2014-10-14,,1.430081129074097,
2014-10-15,,1.4282511472702026,
2014-10-16,,1.455754637718201,
2014-10-17,,1.285830855369568,
2014-10-20,,1.5053073167800903,
2014-10-21,,1.482549786567688,
2014-10-22,,1.4943625926971436,
2014-10-23,,1.4089958667755127,
2014-10-24,,1.6413533687591553,
2014-10-27,,1.7671035528182983,
2014-10-28,,1.7270801067352295,
2014-10-29,,1.8265066146850584,
2014-10-30,,1.4821476936340332,
2014-10-31,,1.587104320526123,
2014-11-03,,1.85494065284729,
2014-11-04,,1.8967368602752688,
2014-11-05,,1.874215602874756,
2014-11-06,,1.8663830757141116,
2014-11-07,,1.6277685165405271,
2014-11-10,,1.6350146532058716,
2014-11-11,,1.951639175415039,
2014-11-12,,2.016446352005005,
2014-11-13,,2.0269572734832764,
2014-11-14,,1.8746581077575684,
2014-11-17,,1.9501237869262693,
2014-11-18,,1.8434584140777588,
2014-11-19,,1.9586870670318604,
2014-11-20,,2.067081451416016,
2014-11-21,,1.8594081401824951,
2014-11-24,,1.982539415359497,
2014-11-25,,2.0393176078796387,
2014-11-26,,2.128695249557495,
2014-11-28,,2.2110629081726074,
2014-12-01,,2.191462993621826,
2014-12-02,,2.1950876712799072,
2014-12-03,,2.1678335666656494,
2014-12-04,,2.1164557933807373,
2014-12-05,,2.2332253456115723,
2014-12-08,,2.0814499855041504,
2014-12-09,,1.844679355621338,
2014-12-10,,1.698120355606079,
2014-12-11,,1.874661922454834,
2014-12-12,,1.8440234661102293,
2014-12-15,,1.7122831344604492,
2014-12-16,,1.9204661846160889,
2014-12-17,,2.1331021785736084,
2014-12-18,,1.942407727241516,
2014-12-19,,1.9547243118286133,
2014-12-22,,2.0607357025146484,
2014-12-23,,1.9922912120819087,
2014-12-24,,2.1237218379974365,
2014-12-26,,2.189994096755981,
2014-12-29,,2.113664150238037,
2014-12-30,,2.0372443199157715,
2014-12-31,,2.089545488357544,
2015-01-02,,1.9466371536254885,
2015-01-05,,1.849946975708008,
2015-01-06,,1.756854772567749,
2015-01-07,,1.784328818321228,
2015-01-08,,1.9811935424804688,
2015-01-09,,2.117189884185791,
2015-01-12,,2.052789688110352,
2015-01-13,,1.74823260307312,
2015-01-14,,1.8308824300765991,
2015-01-15,,1.866624355316162,
2015-01-16,,1.850158929824829,
2015-01-20,,1.9518367052078247,
2015-01-21,,2.0161635875701904,
2015-01-22,,2.0080230236053467,
2015-01-23,,2.2224128246307373,
2015-01-26,,2.169058322906494,
2015-01-27,,2.277768850326538,
2015-01-28,,1.8855448961257932,
2015-01-29,,1.976416826248169,
2015-01-30,,1.8495864868164065,
2015-02-02,,1.847564458847046,
2015-02-03,,1.789893388748169,
2015-02-04,,1.87351667881012,
2015-02-05,,1.8819440603256223,
2015-02-06,,2.131054639816284,
2015-02-09,,2.036005973815918,
2015-02-10,,2.023817777633667,
2015-02-11,,2.177136182785034,
2015-02-12,,2.104518175125122,
2015-02-13,,2.328253507614136,
2015-02-17,,2.415794849395752,
2015-02-18,,2.2771284580230717,
2015-02-19,,2.0232651233673096,
2015-02-20,,2.274223566055298,
2015-02-23,,2.312710285186768,
2015-02-24,,2.2708733081817627,
2015-02-25,,2.399279356002808,
2015-02-26,,2.1578080654144287,
2015-02-27,,2.22795033454895,
2015-03-02,,2.2404305934906006,
2015-03-03,,2.5000874996185303,
2015-03-04,,2.458935260772705,
2015-03-05,,2.1985912322998047,
2015-03-06,,2.1176798343658447,
2015-03-09,,2.0866034030914307,
2015-03-10,,2.061101198196411,
2015-03-11,,2.131610870361328,
2015-03-12,,2.053602695465088,
2015-03-13,,2.049762964248657,
2015-03-16,,2.422154664993286,
2015-03-17,,2.385565996170044,
2015-03-18,,2.264014959335327,
2015-03-19,,2.6553738117218018,
2015-03-20,,2.34371018409729,
2015-03-23,,2.682788848876953,
2015-03-24,,2.376063108444214,
2015-03-25,,2.3739614486694336,
2015-03-26,,2.053416013717652,
2015-03-27,,2.1551334857940674,
2015-03-30,,2.4101827144622803,
2015-03-31,,2.140117883682251,
2015-04-01,,2.039867877960205,
2015-04-02,,2.304687738418579,
2015-04-06,,2.099395513534546,
2015-04-07,,2.253976583480835,
2015-04-08,,2.474109411239624,
2015-04-09,,2.370315790176392,
2015-04-10,,2.233957290649414,
2015-04-13,,2.2264623641967773,
2015-04-14,,2.1734819412231445,
2015-04-15,,2.359574556350708,
2015-04-16,,2.439728260040283,
2015-04-17,,2.476900339126587,
2015-04-20,,2.3310587406158447,
2015-04-21,,2.3540985584259038,
2015-04-22,,2.3482024669647217,
2015-04-23,,2.3718955516815186,
2015-04-24,,2.2894647121429443,
2015-04-27,,2.343461275100708,
2015-04-28,,2.1557466983795166,
2015-04-29,,2.154219388961792,
2015-04-30,,2.179327249526977,
2015-05-01,,2.296517133712769,
2015-05-04,,2.401950597763061,
2015-05-05,,2.295684576034546,
2015-05-06,,2.126982927322388,
2015-05-07,,2.150241613388061,
2015-05-08,,2.3775460720062256,
2015-05-11,,2.209686756134033,
2015-05-12,,2.2259793281555176,
2015-05-13,,2.35843276977539,
2015-05-14,,2.3590633869171143,
2015-05-15,,2.3942599296569824,
2015-05-18,,2.392160415649414,
2015-05-19,,2.492063045501709,
2015-05-20,,2.507501602172852,
2015-05-21,,2.5360255241394043,
2015-05-22,,2.7073471546173096,
2015-05-26,,2.713506937026977,
2015-05-27,,2.5376570224761963,
2015-05-28,,2.85671067237854,
2015-05-29,,2.733950138092041,
2015-06-01,,2.8428242206573486,
2015-06-02,,2.746669054031372,
2015-06-03,,2.643194913864136,
2015-06-04,,2.476025342941284,
2015-06-05,,2.464899063110352,
2015-06-08,,2.4848668575286865,
2015-06-09,,2.574957609176636,
2015-06-10,,2.6184983253479004,
2015-06-11,,2.537095785140991,
2015-06-12,,2.5045080184936523,
2015-06-15,,2.3989474773406982,
2015-06-16,,2.3849804401397705,
2015-06-17,,2.464980363845825,
2015-06-18,,2.4151182174682617,
2015-06-19,,2.5559628009796143,
2015-06-22,,2.491041898727417,
2015-06-23,,2.6086552143096924,
2015-06-24,,2.639293670654297,
2015-06-25,,2.4891514778137207,
2015-06-26,,2.5410938262939453,
2015-06-29,,2.304338216781616,
2015-06-30,,2.067925214767456,
2015-07-01,,1.992816686630249,
2015-07-02,,2.006635904312134,
2015-07-06,,2.2909505367279053,
2015-07-07,,2.2625491619110107,
2015-07-08,,2.183901071548462,
2015-07-09,,1.82931387424469,
2015-07-10,,1.8897143602371216,
2015-07-13,,2.044559955596924,
2015-07-14,,2.071605443954468,
2015-07-15,,2.1030404567718506,
2015-07-16,,2.1323304176330566,
2015-07-17,,2.1512277126312256,
2015-07-20,,2.0657427310943604,
2015-07-21,,1.8459129333496092,
2015-07-22,,1.8832935094833372,
2015-07-23,,1.597730278968811,
2015-07-24,,1.8591670989990237,
2015-07-27,,1.8336893320083616,
2015-07-28,,1.81619393825531,
2015-07-29,,1.6731767654418943,
2015-07-30,,1.6854420900344849,
2015-07-31,,1.8175907135009768,
2015-08-03,,1.944718837738037,
2015-08-04,,1.9013383388519287,
2015-08-05,,1.801356077194214,
2015-08-06,,1.7259585857391355,
2015-08-07,,1.6368918418884275,
2015-08-10,,1.6639612913131714,
2015-08-11,,1.810931205749512,
2015-08-12,,1.6572715044021606,
2015-08-13,,1.5863250494003296,
2015-08-14,,1.6263887882232666,
2015-08-17,,1.7321455478668213,
2015-08-18,,1.5986194610595703,
2015-08-19,,1.5648621320724487,
2015-08-20,,1.4780391454696655,
2015-08-21,,1.4595216512680054,
2015-08-24,,1.2937475442886353,
2015-08-25,,0.930931568145752,
2015-08-26,,1.1466535329818726,
2015-08-27,,1.3552837371826172,
2015-08-28,,1.482357382774353,
2015-08-31,,1.471731662750244,
2015-09-01,,1.3676140308380127,
2015-09-02,,1.069412350654602,
2015-09-03,,1.2861108779907229,
2015-09-04,,1.4187304973602295,
2015-09-08,,1.384434938430786,
2015-09-09,,1.585370421409607,
2015-09-10,,1.4851430654525757,
2015-09-11,,1.4147552251815796,
2015-09-14,,1.469226956367493,
2015-09-15,,1.394342064857483,
2015-09-16,,1.478461742401123,
2015-09-17,,1.587769627571106,
2015-09-18,,1.478206992149353,
2015-09-21,,1.4081279039382937,
2015-09-22,,1.4877266883850098,
2015-09-23,,1.406473994255066,
2015-09-24,,1.4511467218399048,
2015-09-25,,1.4624814987182615,
2015-09-28,,1.4190785884857178,
2015-09-29,,1.16082501411438,
2015-09-30,,1.3217626810073853,
2015-10-01,,1.4925477504730225,
2015-10-02,,1.2721781730651855,
2015-10-05,,1.194917917251587,
2015-10-06,,1.409559965133667,
2015-10-07,,1.5198969841003418,
2015-10-08,,1.638830542564392,
2015-10-09,,1.7177021503448486,
2015-10-12,,1.6307823657989502,
2015-10-13,,1.7872366905212402,
2015-10-14,,1.6232222318649292,
2015-10-15,,1.6479909420013428,
2015-10-16,,1.6791608333587646,
2015-10-19,,1.708592414855957,
2015-10-20,,1.6203105449676514,
2015-10-21,,1.71310293674469,
2015-10-22,,1.8781245946884155,
2015-10-23,,1.931970715522766,
2015-10-26,,1.997161626815796,
2015-10-27,,1.9749153852462769,
2015-10-28,,1.9951143264770508,
2015-10-29,,2.075495481491089,
2015-10-30,,1.5236057043075562,
2015-11-02,,1.7028993368148804,
2015-11-03,,1.6950114965438845,
2015-11-04,,1.7652342319488523,
2015-11-05,,1.709580659866333,
2015-11-06,,1.6457672119140625,
2015-11-09,,1.6340420246124268,
2015-11-10,,1.7684552669525146,
2015-11-11,,1.7393699884414673,
2015-11-12,,1.8530004024505613,
2015-11-13,,1.7218694686889648,
2015-11-16,,1.764080047607422,
2015-11-17,,1.8397575616836548,
2015-11-18,,1.904914140701294,
2015-11-19,,1.8938246965408323,
2015-11-20,,1.846763134002685,
2015-11-23,,1.797738552093506,
2015-11-24,,1.8631997108459477,
2015-11-25,,1.847430944442749,
2015-11-27,,1.8781976699829104,
2015-11-30,,1.8009164333343506,
2015-12-01,,1.6856896877288818,
2015-12-02,,1.827682852745056,
2015-12-03,,1.8566632270812988,
2015-12-04,,1.985651969909668,
2015-12-07,,2.0300991535186768,
2015-12-08,,2.069023609161377,
2015-12-09,,1.844852924346924,
2015-12-10,,1.9152183532714844,
2015-12-11,,1.866418719291687,
2015-12-14,,1.768793702125549,
2015-12-15,,1.6731090545654297,
2015-12-16,,1.967282772064209,
2015-12-17,,1.9005696773529053,
2015-12-18,,1.7532505989074707,
2015-12-21,,1.4008853435516355,
2015-12-22,,1.6461904048919678,
2015-12-23,,1.8626513481140137,
2015-12-24,,1.86976158618927,
2015-12-28,,1.9578227996826167,
2015-12-29,,1.7465848922729492,
2015-12-30,,1.844522476196289,
2015-12-31,,1.8937276601791384,
2016-01-04,,1.8351399898529053,
2016-01-05,,1.5273078680038452,
2016-01-06,,1.562832951545715,
2016-01-07,,1.316551923751831,
2016-01-08,,1.111417293548584,
2016-01-11,,1.075708508491516,
2016-01-12,,1.1486743688583374,
2016-01-13,,1.3161849975585938,
2016-01-14,,1.1412785053253174,
2016-01-15,,1.3615171909332275,
2016-01-19,,1.1316677331924438,
2016-01-20,,1.1198289394378662,
2016-01-21,,0.9770457744598388,
2016-01-22,,1.0245686769485474,
2016-01-25,,1.1714688539505005,
2016-01-26,,1.1351861953735352,
2016-01-27,,1.3489947319030762,
2016-01-28,,1.267006278038025,
2016-01-29,,1.1951544284820557,
2016-02-01,,1.2208595275878906,
2016-02-02,,1.344752550125122,
2016-02-03,,1.1995995044708252,
2016-02-04,,1.2953789234161377,
2016-02-05,,1.2019987106323242,
2016-02-08,,1.0562251806259155,
2016-02-09,,0.952568531036377,
2016-02-10,,1.1567777395248413,
2016-02-11,,1.2168080806732178,
2016-02-12,,0.8601592779159546,
2016-02-16,,1.1070387363433838,
2016-02-17,,1.2529186010360718,
2016-02-18,,1.2853589057922363,
2016-02-19,,1.0767030715942385,
2016-02-22,,1.2461543083190918,
2016-02-23,,1.1845351457595823,
2016-02-24,,0.9156006574630736,
2016-02-25,,1.1460022926330566,
2016-02-26,,1.200145959854126,
2016-02-29,,1.2417480945587158,
2016-03-01,,1.3175623416900637,
2016-03-02,,1.4216721057891846,
2016-03-03,,1.3039209842681885,
2016-03-04,,1.2327769994735718,
2016-03-07,,1.6059128046035769,
2016-03-08,,1.4820477962493896,
2016-03-09,,1.5317480564117432,
2016-03-10,,1.4501583576202393,
2016-03-11,,1.677751898765564,
2016-03-14,,1.8209941387176516,
2016-03-15,,1.5092062950134275,
2016-03-16,,1.55193293094635,
2016-03-17,,1.6068551540374756,
2016-03-18,,1.631716012954712,
2016-03-21,,1.6924457550048828,
2016-03-22,,1.6175709962844849,
2016-03-23,,1.5696486234664917,
2016-03-24,,1.4794821739196775,
2016-03-28,,1.2392035722732544,
2016-03-29,,1.3492162227630615,
2016-03-30,,1.830173134803772,
2016-03-31,,1.7231343984603882,
2016-04-01,,1.8080812692642207,
2016-04-04,,1.7051749229431152,
2016-04-05,,1.6258153915405271,
2016-04-06,,1.7894593477249146,
2016-04-07,,1.8721635341644287,
2016-04-08,,1.7643263339996338,
2016-04-11,,1.7786812782287598,
2016-04-12,,1.69067645072937,
2016-04-13,,1.741030216217041,
2016-04-14,,1.869041919708252,
2016-04-15,,1.7186580896377563,
2016-04-18,,1.8185131549835205,
2016-04-19,,1.751305103302002,
2016-04-20,,1.7179018259048462,
2016-04-21,,1.658840894699097,
2016-04-22,,1.6396498680114746,
2016-04-25,,1.809556007385254,
2016-04-26,,1.5910089015960691,
2016-04-27,,1.594890594482422,
2016-04-28,,1.5606107711791992,
2016-04-29,,1.599621057510376,
2016-05-02,,1.7399728298187256,
2016-05-03,,1.7782940864562988,
2016-05-04,,1.53990638256073,
2016-05-05,,1.5160168409347534,
2016-05-06,,1.332425832748413,
2016-05-09,,1.3782246112823486,
2016-05-10,,1.3666244745254517,
2016-05-11,,1.5138012170791626,
2016-05-12,,1.550947189331055,
2016-05-13,,1.4379165172576904,
2016-05-16,,1.571820616722107,
2016-05-17,,1.6739599704742432,
2016-05-18,,1.6153875589370728,
2016-05-19,,1.6765724420547483,
2016-05-20,,1.7167341709136963,
2016-05-23,,1.7248122692108154,
2016-05-24,,1.4700044393539429,
2016-05-25,,1.6129791736602783,
2016-05-26,,1.793087363243103,
2016-05-27,,2.0103871822357178,
2016-05-31,,1.9409778118133545,
2016-06-01,,1.893543362617493,
2016-06-02,,1.99212384223938,
2016-06-03,,1.956204414367676,
2016-06-06,,2.068654775619507,
2016-06-07,,2.088273286819458,
2016-06-08,,2.1553900241851807,
2016-06-09,,2.099701166152954,
2016-06-10,,1.976865649223328,
2016-06-13,,2.163649797439575,
2016-06-14,,2.1888699531555176,
2016-06-15,,1.986008882522583,
2016-06-16,,1.97776997089386,
2016-06-17,,1.853726983070373,
2016-06-20,,2.130408525466919,
2016-06-21,,2.041003465652466,
2016-06-22,,1.959322929382324,
2016-06-23,,2.152134418487549,
2016-06-24,,2.0484249591827397,
2016-06-27,,1.7082912921905518,
2016-06-28,,2.0521116256713867,
2016-06-29,,1.8634113073349,
2016-06-30,,1.6985113620758057,
2016-07-01,,1.7585041522979736,
2016-07-05,,1.827948212623596,
2016-07-06,,1.88251793384552,
2016-07-07,,1.9634878635406492,
2016-07-08,,2.0939228534698486,
2016-07-11,,1.9138449430465696,
2016-07-12,,1.693178653717041,
2016-07-13,,1.991565465927124,
2016-07-14,,2.1129050254821777,
2016-07-15,,2.211757183074951,
2016-07-18,,1.9536359310150144,
2016-07-19,,2.0505287647247314,
2016-07-20,,2.2136266231536865,
2016-07-21,,2.037588834762573,
2016-07-22,,2.195324182510376,
2016-07-25,,2.237899780273437,
2016-07-26,,2.32535457611084,
2016-07-27,,2.3376543521881104,
2016-07-28,,2.25042986869812,
2016-07-29,,2.69291353225708,
2016-08-01,,2.755573034286499,
2016-08-02,,2.7348811626434326,
2016-08-03,,2.3174233436584477,
2016-08-04,,2.235417366027832,
2016-08-05,,2.38257908821106,
2016-08-08,,2.541487693786621,
2016-08-09,,2.5989224910736084,
2016-08-10,,2.612283945083618,
2016-08-11,,2.5157735347747803,
2016-08-12,,2.6122233867645264,
2016-08-15,,2.6704506874084477,
2016-08-16,,2.778235912322998,
2016-08-17,,2.6878597736358643,
2016-08-18,,2.7471017837524414,
2016-08-19,,2.656203508377075,
2016-08-22,,2.7442872524261475,
2016-08-23,,2.6986727714538574,
2016-08-24,,2.7548177242279053,
2016-08-25,,2.791992425918579,
2016-08-26,,2.686691999435425,
2016-08-29,,2.777031660079956,
2016-08-30,,2.8498106002807617,
2016-08-31,,2.8361756801605225,
2016-09-01,,2.758453607559204,
2016-09-02,,2.824816465377808,
2016-09-06,,2.9005582332611084,
2016-09-07,,2.798378229141236,
2016-09-08,,2.7546818256378174,
2016-09-09,,2.6113979816436768,
2016-09-12,,2.509752035140991,
2016-09-13,,2.563238859176636,
2016-09-14,,2.6662392616271973,
2016-09-15,,2.852350234985352,
2016-09-16,,3.062207698822021,
2016-09-19,,2.9391844272613525,
2016-09-20,,2.8847243785858154,
2016-09-21,,2.8369414806365967,
2016-09-22,,2.967264175415039,
2016-09-23,,3.093989610671997,
2016-09-26,,3.069103479385376,
2016-09-27,,2.9503045082092285,
2016-09-28,,2.9869534969329834,
2016-09-29,,3.050134420394897,
2016-09-30,,3.181006669998169,
2016-10-03,,3.2070436477661133,
2016-10-04,,3.121659278869629,
2016-10-05,,3.122945547103882,
2016-10-06,,3.0999813079833984,
2016-10-07,,3.10359787940979,
2016-10-10,,2.9674971103668213,
2016-10-11,,2.774629831314087,
2016-10-12,,2.9670441150665283,
2016-10-13,,2.903851270675659,
2016-10-14,,2.8023245334625244,
2016-10-17,,2.921808242797852,
2016-10-18,,2.9970202445983887,
2016-10-19,,3.144819974899292,
2016-10-20,,2.980724811553955,
2016-10-21,,2.967965841293335,
2016-10-24,,2.853446245193481,
2016-10-25,,2.892904996871948,
2016-10-26,,3.013742446899414,
2016-10-27,,3.161813259124756,
2016-10-28,,3.0781917572021484,
2016-10-31,,2.957977533340454,
2016-11-01,,2.9461042881011963,
2016-11-02,,2.685462236404419,
2016-11-03,,2.759196519851685,
2016-11-04,,2.806464195251465,
2016-11-07,,2.876271963119507,
2016-11-08,,3.0335075855255127,
2016-11-09,,3.036461114883423,
2016-11-10,,2.884197235107422,
2016-11-11,,3.139110803604126,
2016-11-14,,3.2168984413146973,
2016-11-15,,3.190000534057617,
2016-11-16,,3.2979109287261963,
2016-11-17,,3.5186691284179688,
2016-11-18,,3.5543172359466557,
2016-11-21,,3.647886037826538,
2016-11-22,,3.8485219478607178,
2016-11-23,,3.994564294815064,
2016-11-25,,4.089793205261231,
2016-11-28,,4.003304958343506,
2016-11-29,,3.470467090606689,
2016-11-30,,3.217439889907837,
2016-12-01,,3.208962202072144,
2016-12-02,,3.531386375427246,
2016-12-05,,3.5148441791534424,
2016-12-06,,3.604738235473633,
2016-12-07,,3.690460205078125,
2016-12-08,,3.8475654125213614,
2016-12-09,,3.948200464248657,
2016-12-12,,3.962923049926758,
2016-12-13,,3.775160074234009,
2016-12-14,,3.824955701828003,
2016-12-15,,3.687967300415039,
2016-12-16,,3.6774189472198486,
2016-12-19,,3.681604623794556,
2016-12-20,,4.052926540374756,
2016-12-21,,4.103808403015137,
2016-12-22,,4.097817897796631,
2016-12-23,,4.020519256591797,
2016-12-27,,3.995282411575317,
2016-12-28,,3.80213475227356,
2016-12-29,,3.702970743179321,
2016-12-30,,3.739804983139038,
2017-01-03,,3.4174001216888428,
2017-01-04,,3.725754499435425,
2017-01-05,,3.933019399642944,
2017-01-06,,3.825772523880005,
2017-01-09,,3.789687633514404,
2017-01-10,,3.743186712265015,
2017-01-11,,4.062605381011963,
2017-01-12,,3.965455293655396,
2017-01-13,,3.8640811443328857,
2017-01-17,,3.949518918991089,
2017-01-18,,3.8360915184021,
2017-01-19,,3.767922878265381,
2017-01-20,,3.740723848342896,
2017-01-23,,3.855277299880981,
2017-01-24,,3.8084352016448975,
2017-01-25,,4.092790126800537,
2017-01-26,,4.226914882659912,
2017-01-27,,4.2095160484313965,
2017-01-30,,4.345086574554443,
2017-01-31,,4.240382671356201,
2017-02-01,,4.0433783531188965,
2017-02-02,,4.274990558624268,
2017-02-03,,4.296769618988037,
2017-02-06,,4.562872409820557,
2017-02-07,,4.150072574615479,
2017-02-08,,4.292616844177246,
2017-02-09,,4.12577486038208,
2017-02-10,,4.115090847015381,
2017-02-13,,4.0372490882873535,
2017-02-14,,4.361558437347412,
2017-02-15,,4.377877235412598,
2017-02-16,,4.186481952667236,
2017-02-17,,4.326152801513672,
2017-02-21,,4.284026622772217,
2017-02-22,,4.414949893951416,
2017-02-23,,4.412372589111328,
2017-02-24,,4.232038021087647,
2017-02-27,,4.037746429443359,
2017-02-28,,4.02391529083252,
2017-03-01,,4.217580318450928,
2017-03-02,,4.201496601104736,
2017-03-03,,4.316394329071045,
2017-03-06,,4.317936420440674,
2017-03-07,,4.176510810852051,
2017-03-08,,4.377318382263184,
2017-03-09,,4.694395542144775,
2017-03-10,,4.624098300933838,
2017-03-13,,4.498353004455566,
2017-03-14,,4.813815593719482,
2017-03-15,,5.1163411140441895,
2017-03-16,,4.546581745147705,
2017-03-17,,4.791811466217041,
2017-03-20,,4.841225624084473,
2017-03-21,,4.86498498916626,
2017-03-22,,4.833863735198975,
2017-03-23,,4.887641429901123,
2017-03-24,,4.998145580291748,
2017-03-27,,5.249258041381836,
2017-03-28,,5.053863048553467,
2017-03-29,,5.161761283874512,
2017-03-30,,5.17840051651001,
2017-03-31,,5.158152103424072,
2017-04-03,,5.498792171478272,
2017-04-04,,5.238254547119141,
2017-04-05,,5.08055591583252,
2017-04-06,,4.972893238067627,
2017-04-07,,4.604040622711182,
2017-04-10,,4.934091091156006,
2017-04-11,,4.809268951416016,
2017-04-12,,4.961987018585205,
2017-04-13,,4.8868489265441895,
2017-04-17,,4.931856155395508,
2017-04-18,,4.886460304260254,
2017-04-19,,4.725139617919922,
2017-04-20,,4.842881202697754,
2017-04-21,,4.942244052886963,
2017-04-24,,5.182198524475098,
2017-04-25,,5.171313762664795,
2017-04-26,,5.336723804473877,
2017-04-27,,5.203183174133301,
2017-04-28,,5.572725772857666,
2017-05-01,,5.046405792236328,
2017-05-02,,4.733910083770752,
2017-05-03,,4.87564754486084,
2017-05-04,,4.937707424163818,
2017-05-05,,5.1469550132751465,
2017-05-08,,5.259519577026367,
2017-05-09,,5.203751087188721,
2017-05-10,,5.388902187347412,
2017-05-11,,5.607348918914795,
2017-05-12,,6.016936779022217,
2017-05-15,,6.022317409515381,
2017-05-16,,5.74860429763794,
2017-05-17,,5.6783552169799805,
2017-05-18,,5.6775312423706055,
2017-05-19,,5.627662181854248,
2017-05-22,,5.820614337921143,
2017-05-23,,5.821773052215576,
2017-05-24,,6.073848247528076,
2017-05-25,,6.171389102935791,
2017-05-26,,6.2027268409729,
2017-05-30,,6.406280994415283,
2017-05-31,,6.201282978057861,
2017-06-01,,6.619689464569092,
2017-06-02,,6.756776809692383,
2017-06-05,,6.852010726928711,
2017-06-06,,6.682487964630127,
2017-06-07,,6.717562675476074,
2017-06-08,,6.716179847717285,
2017-06-09,,6.785376071929932,
2017-06-12,,6.231767177581787,
2017-06-13,,6.729557514190674,
2017-06-14,,6.543919086456299,
2017-06-15,,5.945032596588135,
2017-06-16,,6.156012058258057,
2017-06-19,,6.240494251251221,
2017-06-20,,6.081202030181885,
2017-06-21,,6.505919933319092,
2017-06-22,,6.531619548797607,
2017-06-23,,6.2721381187438965,
2017-06-26,,5.973985195159912,
2017-06-27,,5.885884761810303,
2017-06-28,,6.042850494384766,
2017-06-29,,5.915265083312988,
2017-06-30,,5.569458961486816,
2017-07-03,,5.269898414611816,
2017-07-05,,5.473273754119873,
2017-07-06,,5.888122081756592,
2017-07-07,,6.019992828369141,
2017-07-10,,6.10968828201294,
2017-07-11,,6.226590633392334,
2017-07-12,,6.606749534606934,
2017-07-13,,6.642799377441406,
2017-07-14,,6.786680221557617,
2017-07-17,,6.69642972946167,
2017-07-18,,6.925020694732666,
2017-07-19,,6.874146938323975,
2017-07-20,,6.678562164306641,
2017-07-21,,6.82616662979126,
2017-07-24,,6.65293025970459,
2017-07-25,,6.6798601150512695,
2017-07-26,,6.697167873382568,
2017-07-27,,6.515340328216553,
2017-07-28,,6.1970744132995605,
2017-07-31,,6.256474018096924,
2017-08-01,,6.19726037979126,
2017-08-02,,6.319018840789795,
2017-08-03,,6.163518905639648,
2017-08-04,,6.16261625289917,
2017-08-07,,6.221277236938477,
2017-08-08,,6.205441951751709,
2017-08-09,,6.187513828277588,
2017-08-10,,5.980458736419678,
2017-08-11,,5.940814018249512,
2017-08-14,,5.963361740112305,
2017-08-15,,6.364941120147705,
2017-08-16,,6.469089984893799,
2017-08-17,,6.258944034576416,
2017-08-18,,6.083283424377441,
2017-08-21,,6.049683094024658,
2017-08-22,,6.023406505584717,
2017-08-23,,6.069408893585205,
2017-08-24,,5.923803806304932,
2017-08-25,,6.058770656585693,
2017-08-28,,6.057253360748291,
2017-08-29,,6.42505407333374,
2017-08-30,,6.360161781311035,
2017-08-31,,6.573557376861572,
2017-09-01,,6.558355808258057,
2017-09-05,,6.709127902984619,
2017-09-06,,6.637586116790772,
2017-09-07,,6.555069923400879,
2017-09-08,,6.557845592498779,
2017-09-11,,6.399579048156738,
2017-09-12,,6.755148887634277,
2017-09-13,,6.733612537384033,
2017-09-14,,6.534584045410156,
2017-09-15,,6.742786884307861,
2017-09-18,,7.183335781097412,
2017-09-19,,7.777644157409668,
2017-09-20,,7.450565814971924,
2017-09-21,,7.230897903442383,
2017-09-22,,7.445665836334228,
2017-09-25,,7.376758098602295,
2017-09-26,,7.209827899932861,
2017-09-27,,7.455258846282959,
2017-09-28,,7.737360954284668,
2017-09-29,,7.719314575195312,
2017-10-02,,8.022177696228027,
2017-10-03,,8.184864044189453,
2017-10-04,,7.935011386871338,
2017-10-05,,7.834104061126709,
2017-10-06,,7.954193592071533,
2017-10-09,,8.08207893371582,
2017-10-10,,8.416558265686035,
2017-10-11,,8.462459564208984,
2017-10-12,,7.875875473022461,
2017-10-13,,8.65330982208252,
2017-10-16,,8.516755104064941,
2017-10-17,,8.71250057220459,
2017-10-18,,8.491796493530273,
2017-10-19,,8.709789276123047,
2017-10-20,,8.552804946899414,
2017-10-23,,8.73157787322998,
2017-10-24,,8.617683410644531,
2017-10-25,,9.07077693939209,
2017-10-26,,8.791522026062012,
2017-10-27,,9.1857271194458,
2017-10-30,,9.479050636291504,
2017-10-31,,9.205647468566896,
2017-11-01,,9.430193901062012,
2017-11-02,,9.93622875213623,
2017-11-03,,10.260674476623535,
2017-11-06,,10.704218864440918,
2017-11-07,,10.84669017791748,
2017-11-08,,10.397364616394045,
2017-11-09,,10.092198371887209,
2017-11-10,,10.533673286437988,
2017-11-13,,10.476574897766112,
2017-11-14,,10.262480735778809,
2017-11-15,,10.069109916687012,
2017-11-16,,10.441269874572754,
2017-11-17,,10.281294822692873,
2017-11-20,,10.801817893981934,
2017-11-21,,10.949370384216309,
2017-11-22,,11.059617042541504,
2017-11-24,,11.158528327941896,
2017-11-27,,10.69138240814209,
2017-11-28,,9.907904624938965,
2017-11-29,,9.759739875793455,
2017-11-30,,9.38733196258545,
2017-12-01,,9.199336051940918,
2017-12-04,,8.702629089355469,
2017-12-05,,8.599940299987793,
2017-12-06,,8.944113731384277,
2017-12-07,,8.651029586791992,
2017-12-08,,8.779580116271973,
2017-12-11,,8.818079948425293,
2017-12-12,,8.28283405303955,
2017-12-13,,8.715485572814941,
2017-12-14,,9.212839126586914,
2017-12-15,,9.092467308044434,
2017-12-18,,9.314249992370604,
2017-12-19,,9.679133415222168,
2017-12-20,,9.684162139892578,
2017-12-21,,9.484540939331056,
2017-12-22,,9.14625644683838,
2017-12-26,,8.905194282531738,
2017-12-27,,8.830493927001953,
2017-12-28,,9.069580078125,
2017-12-29,,8.942933082580566,
2018-01-02,,8.994970321655273,
2018-01-03,,9.6090669631958,
2018-01-04,,9.986997604370115,
2018-01-05,,10.222803115844728,
2018-01-08,,10.035176277160645,
2018-01-09,,10.327784538269045,
2018-01-10,,9.954390525817873,
2018-01-11,,9.990375518798828,
2018-01-12,,10.244966506958008,
2018-01-16,,10.648253440856934,
2018-01-17,,11.212322235107422,
2018-01-18,,11.3779935836792,
2018-01-19,,11.220364570617676,
2018-01-22,,11.680234909057615,
2018-01-23,,11.451788902282717,
2018-01-24,,11.094064712524414,
2018-01-25,,10.949997901916504,
2018-01-26,,11.64978313446045,
2018-01-29,,11.80637264251709,
2018-01-30,,11.227192878723145,
2018-01-31,,10.78533172607422,
2018-02-01,,11.41352653503418,
2018-02-02,,9.910517692565918,
2018-02-05,,8.75027084350586,
2018-02-06,,9.599776268005373,
2018-02-07,,8.86694622039795,
2018-02-08,,8.108009338378906,
2018-02-09,,8.63300895690918,
2018-02-12,,8.404626846313477,
2018-02-13,,8.949063301086426,
2018-02-14,,9.272295951843262,
2018-02-15,,9.383448600769045,
2018-02-16,,9.727216720581056,
2018-02-20,,9.78458309173584,
2018-02-21,,9.954230308532717,
2018-02-22,,9.471389770507812,
2018-02-23,,10.741994857788086,
2018-02-26,,10.722090721130373,
2018-02-27,,10.531126976013184,
2018-02-28,,10.892258644104004,
2018-03-01,,10.16897678375244,
2018-03-02,,10.64556884765625,
2018-03-05,,11.323965072631836,
2018-03-06,,11.531875610351562,
2018-03-07,,12.386225700378418,
2018-03-08,,11.747410774230955,
2018-03-09,,13.104809761047363,
2018-03-12,,12.49044132232666,
2018-03-13,,12.766852378845217,
2018-03-14,,12.954557418823242,
2018-03-15,,12.697087287902832,
2018-03-16,,12.665875434875488,
2018-03-19,,12.945915222167969,
2018-03-20,,12.298462867736816,
2018-03-21,,11.843832015991213,
2018-03-22,,11.439648628234863,
2018-03-23,,11.203533172607422,
2018-03-26,,10.788456916809082,
2018-03-27,,10.16796588897705,
2018-03-28,,9.9728422164917,
2018-03-29,,9.720786094665527,
2018-04-02,,9.49830436706543,
2018-04-03,,9.823349952697754,
2018-04-04,,9.684414863586426,
2018-04-05,,9.813173294067385,
2018-04-06,,9.362757682800291,
2018-04-09,,9.519219398498535,
2018-04-10,,9.82027816772461,
2018-04-11,,9.83839225769043,
2018-04-12,,10.309218406677246,
2018-04-13,,10.003998756408691,
2018-04-16,,10.36601734161377,
2018-04-17,,10.11122989654541,
2018-04-18,,10.23030948638916,
2018-04-19,,9.487095832824709,
2018-04-20,,8.36783504486084,
2018-04-23,,8.321222305297852,
2018-04-24,,8.197957038879395,
2018-04-25,,8.32739543914795,
2018-04-26,,8.333434104919434,
2018-04-27,,8.271282196044922,
2018-04-30,,8.517424583435059,
2018-05-01,,8.314921379089355,
2018-05-02,,8.49749755859375,
2018-05-03,,8.900862693786621,
2018-05-04,,8.944493293762207,
2018-05-07,,9.266642570495604,
2018-05-08,,9.815558433532717,
2018-05-09,,10.184138298034668,
2018-05-10,,10.391481399536133,
2018-05-11,,10.890064239501951,
2018-05-14,,10.621138572692873,
2018-05-15,,10.248004913330078,
2018-05-16,,10.359623908996582,
2018-05-17,,10.49000644683838,
2018-05-18,,10.475695610046388,
2018-05-21,,10.094120025634766,
2018-05-22,,10.219481468200684,
2018-05-23,,10.777749061584473,
2018-05-24,,10.86083698272705,
2018-05-25,,10.747210502624512,
2018-05-29,,10.755329132080078,
2018-05-30,,11.215214729309082,
2018-05-31,,11.279397010803224,
2018-06-01,,11.514320373535156,
2018-06-04,,11.273455619812012,
2018-06-05,,11.872227668762209,
2018-06-06,,12.571619987487791,
2018-06-07,,11.575766563415527,
2018-06-08,,11.970672607421877,
2018-06-11,,11.769013404846191,
2018-06-12,,11.723947525024414,
2018-06-13,,11.849867820739746,
2018-06-14,,11.978031158447266,
2018-06-15,,12.04995822906494,
2018-06-18,,11.4295072555542,
2018-06-19,,11.390742301940918,
2018-06-20,,11.12412166595459,
2018-06-21,,11.348259925842283,
2018-06-22,,10.613932609558104,
2018-06-25,,10.128705024719238,
2018-06-26,,10.249874114990234,
2018-06-27,,9.585354804992676,
2018-06-28,,9.545680046081545,
2018-06-29,,9.322661399841309,
2018-07-02,,9.873065948486328,
2018-07-03,,9.962430000305176,
2018-07-05,,9.848832130432127,
2018-07-06,,10.305766105651855,
2018-07-09,,10.816163063049316,
2018-07-10,,10.700016021728516,
2018-07-11,,10.722071647644045,
2018-07-12,,10.415534973144531,
2018-07-13,,10.291686058044434,
2018-07-16,,10.35649871826172,
2018-07-17,,10.367363929748535,
2018-07-18,,10.370339393615724,
2018-07-19,,10.235594749450684,
2018-07-20,,10.079501152038574,
2018-07-23,,10.222254753112791,
2018-07-24,,10.425200462341309,
2018-07-25,,10.367156982421877,
2018-07-26,,10.482341766357422,
2018-07-27,,10.563135147094728,
2018-07-30,,10.511719703674316,
2018-07-31,,10.395246505737305,
2018-08-01,,10.75408935546875,
2018-08-02,,11.099684715270996,
2018-08-03,,10.892532348632812,
2018-08-06,,10.929597854614258,
2018-08-07,,11.131322860717772,
2018-08-08,,11.307784080505373,
2018-08-09,,11.615052223205566,
2018-08-10,,10.564793586730955,
2018-08-13,,10.195318222045898,
2018-08-14,,10.23803424835205,
2018-08-15,,9.9463472366333,
2018-08-16,,9.604708671569824,
2018-08-17,,9.702399253845217,
2018-08-20,,9.554527282714844,
2018-08-21,,9.68886661529541,
2018-08-22,,10.066189765930176,
2018-08-23,,10.32780647277832,
2018-08-24,,10.397116661071776,
2018-08-27,,10.996101379394531,
2018-08-28,,11.316160202026367,
2018-08-29,,11.20219612121582,
2018-08-30,,11.23746109008789,
2018-08-31,,11.351370811462402,
2018-09-04,,11.328487396240234,
2018-09-05,,11.438075065612791,
2018-09-06,,10.743888854980469,
2018-09-07,,10.972075462341309,
2018-09-10,,10.819391250610352,
2018-09-11,,10.40579891204834,
2018-09-12,,10.104619026184082,
2018-09-13,,10.422896385192873,
2018-09-14,,10.356337547302246,
2018-09-17,,10.53435516357422,
2018-09-18,,10.694125175476074,
2018-09-19,,10.590746879577637,
2018-09-20,,10.712717056274414,
2018-09-21,,10.612765312194824,
2018-09-24,,10.75533390045166,
2018-09-25,,10.385026931762695,
2018-09-26,,10.185709953308104,
2018-09-27,,10.390141487121582,
2018-09-28,,10.28253936767578,
2018-10-01,,10.619678497314451,
2018-10-02,,10.277498245239258,
2018-10-03,,10.38173007965088,
2018-10-04,,10.129338264465332,
2018-10-05,,9.494345664978027,
2018-10-08,,8.94300651550293,
2018-10-09,,8.739079475402832,
2018-10-10,,8.334601402282715,
2018-10-11,,7.703072071075439,
2018-10-12,,7.953096866607666,
2018-10-15,,8.222241401672363,
2018-10-16,,8.52383804321289,
2018-10-17,,8.273462295532227,
2018-10-18,,7.884848117828369,
2018-10-19,,7.211249828338623,
2018-10-22,,6.76429557800293,
2018-10-23,,6.529160022735596,
2018-10-24,,6.212863445281982,
2018-10-25,,5.758137702941895,
2018-10-26,,6.011269092559815,
2018-10-29,,6.184338092803955,
2018-10-30,,6.472236156463623,
2018-10-31,,6.942953586578369,
2018-11-01,,7.122143268585205,
2018-11-02,,7.181949615478516,
2018-11-05,,7.066709041595459,
2018-11-06,,7.136519908905029,
2018-11-07,,7.365684509277344,
2018-11-08,,7.045683860778809,
2018-11-09,,6.868300914764404,
2018-11-12,,6.629118919372559,
2018-11-13,,6.240069389343262,
2018-11-14,,6.528036117553711,
2018-11-15,,6.538217067718506,
2018-11-16,,6.363232612609863,
2018-11-19,,6.242309093475342,
2018-11-20,,6.141010284423828,
2018-11-21,,5.977588176727295,
2018-11-23,,6.277522563934326,
2018-11-26,,6.293242931365967,
2018-11-27,,6.594264507293701,
2018-11-28,,6.794023036956787,
2018-11-29,,6.902993679046631,
2018-11-30,,6.951519012451172,
2018-12-03,,6.812915802001953,
2018-12-04,,6.667866230010986,
2018-12-06,,6.473394870758057,
2018-12-07,,6.0629706382751465,
2018-12-10,,6.026912212371826,
2018-12-11,,6.111396789550781,
2018-12-12,,6.048532485961914,
2018-12-13,,6.069275856018066,
2018-12-14,,5.839025020599365,
2018-12-17,,5.592164039611816,
2018-12-18,,5.208075046539307,
2018-12-19,,5.211436748504639,
2018-12-20,,5.143349170684815,
2018-12-21,,5.139496803283691,
2018-12-24,,4.846829414367676,
2018-12-26,,4.696686267852783,
2018-12-27,,5.186736583709717,
2018-12-28,,5.359280109405518,
2018-12-31,,5.252838134765625,
2019-01-02,,5.369948863983154,
2019-01-03,,5.128809928894043,
2019-01-04,,5.170592784881592,
2019-01-07,,5.33411169052124,
2019-01-08,,5.470210552215576,
2019-01-09,,5.529520511627197,
2019-01-10,,5.83302640914917,
2019-01-11,,6.174883842468262,
2019-01-14,,6.116785526275635,
2019-01-15,,5.829299449920654,
2019-01-16,,5.999592781066895,
2019-01-17,,6.078915119171143,
2019-01-18,,6.075850963592529,
2019-01-22,,6.204305171966553,
2019-01-23,,5.957059383392334,
2019-01-24,,6.332081317901611,
2019-01-25,,6.452240467071533,
2019-01-28,,6.727610111236572,
2019-01-29,,6.291469097137451,
2019-01-30,,6.530179500579834,
2019-01-31,,6.643951892852783,
2019-02-01,,6.811700344085693,
2019-02-04,,6.740880966186523,
2019-02-05,,7.46266508102417,
2019-02-06,,7.130972385406494,
2019-02-07,,6.9841179847717285,
2019-02-08,,6.708834648132324,
2019-02-11,,6.927476406097412,
2019-02-12,,7.45757246017456,
2019-02-13,,7.555502414703369,
2019-02-14,,7.1278276443481445,
2019-02-15,,7.693769454956055,
2019-02-19,,7.706684589385986,
2019-02-20,,7.886630535125732,
2019-02-21,,7.821963787078857,
2019-02-22,,8.28592300415039,
2019-02-25,,8.642582893371582,
2019-02-26,,8.260666847229004,
2019-02-27,,8.271309852600098,
2019-02-28,,7.950326442718506,
2019-03-01,,8.624323844909668,
2019-03-04,,8.482516288757324,
2019-03-05,,8.213738441467285,
2019-03-06,,8.376343727111816,
2019-03-07,,7.584800243377685,
2019-03-08,,7.994493961334228,
2019-03-11,,7.815488815307617,
2019-03-12,,8.286690711975098,
2019-03-13,,8.679570198059082,
2019-03-14,,8.187392234802246,
2019-03-15,,8.941145896911621,
2019-03-18,,8.878714561462402,
2019-03-19,,9.298154830932615,
2019-03-20,,9.482010841369627,
2019-03-21,,9.311234474182127,
2019-03-22,,9.2758150100708,
2019-03-25,,9.05856227874756,
2019-03-26,,8.935654640197754,
2019-03-27,,9.341046333312988,
2019-03-28,,9.275225639343262,
2019-03-29,,9.39328670501709,
2019-04-01,,10.066855430603027,
2019-04-02,,10.228231430053713,
2019-04-03,,10.405640602111816,
2019-04-04,,10.915616035461426,
2019-04-05,,10.956162452697754,
2019-04-08,,11.18282413482666,
2019-04-09,,10.68885898590088,
2019-04-10,,10.638340950012209,
2019-04-11,,11.012837409973145,
2019-04-12,,11.100341796875,
2019-04-15,,11.471587181091309,
2019-04-16,,11.525280952453612,
2019-04-17,,12.079911231994627,
2019-04-18,,12.465850830078123,
2019-04-22,,12.803385734558104,
2019-04-23,,13.033163070678713,
2019-04-24,,13.199280738830566,
2019-04-25,,12.366765022277832,
2019-04-26,,12.487244606018066,
2019-04-29,,12.24384307861328,
2019-04-30,,12.462591171264648,
2019-05-01,,12.787158966064451,
2019-05-02,,13.086527824401855,
2019-05-03,,12.50929832458496,
2019-05-06,,12.686199188232422,
2019-05-07,,11.475199699401855,
2019-05-08,,11.412138938903809,
2019-05-09,,10.46810245513916,
2019-05-10,,10.2280912399292,
2019-05-13,,9.17698097229004,
2019-05-14,,9.852621078491213,
2019-05-15,,9.682450294494627,
2019-05-16,,9.045881271362305,
2019-05-17,,8.901954650878906,
2019-05-20,,8.110686302185059,
2019-05-21,,7.668497562408447,
2019-05-22,,7.570281505584717,
2019-05-23,,7.347195148468018,
2019-05-24,,6.816193103790283,
2019-05-28,,6.448123455047607,
2019-05-29,,6.684285640716553,
2019-05-30,,7.215488910675049,
2019-05-31,,7.197497844696045,
2019-06-03,,7.302170753479004,
2019-06-04,,7.556076049804687,
2019-06-05,,7.688021183013916,
2019-06-06,,8.250332832336426,
2019-06-07,,8.527222633361816,
2019-06-10,,8.71883487701416,
2019-06-11,,8.854884147644043,
2019-06-12,,8.852835655212402,
2019-06-13,,8.31723690032959,
2019-06-14,,8.327388763427734,
2019-06-17,,8.626160621643066,
2019-06-18,,8.765266418457031,
2019-06-19,,8.873091697692871,
2019-06-20,,9.12369441986084,
2019-06-21,,8.985241889953613,
2019-06-24,,9.33652687072754,
2019-06-25,,9.317268371582031,
2019-06-26,,9.409253120422363,
2019-06-27,,10.1337251663208,
2019-06-28,,10.14172077178955,
2019-07-01,,11.03789234161377,
2019-07-02,,10.708769798278809,
2019-07-03,,10.43735408782959,
2019-07-05,,10.04550838470459,
2019-07-08,,9.94948673248291,
2019-07-09,,9.754830360412598,
2019-07-10,,10.08881950378418,
2019-07-11,,10.403390884399414,
2019-07-12,,10.482386589050291,
2019-07-15,,10.612822532653809,
2019-07-16,,10.839608192443848,
2019-07-17,,10.78117561340332,
2019-07-18,,11.161709785461426,
2019-07-19,,11.48470401763916,
2019-07-22,,11.65676498413086,
2019-07-23,,12.658975601196287,
2019-07-24,,12.926608085632324,
2019-07-25,,12.825445175170898,
2019-07-26,,13.09983730316162,
2019-07-29,,13.26796054840088,
2019-07-30,,12.624470710754396,
2019-07-31,,11.960597038269045,
2019-08-01,,11.549110412597656,
2019-08-02,,10.385504722595217,
2019-08-05,,9.82476806640625,
2019-08-06,,9.865067481994627,
2019-08-07,,9.853423118591309,
2019-08-08,,10.025656700134276,
2019-08-09,,9.91684341430664,
2019-08-12,,9.55810260772705,
2019-08-13,,9.690763473510742,
2019-08-14,,9.406302452087402,
2019-08-15,,9.727276802062988,
2019-08-16,,9.966062545776367,
2019-08-19,,10.33107089996338,
2019-08-20,,10.912240982055664,
2019-08-21,,10.388612747192385,
2019-08-22,,10.229130744934082,
2019-08-23,,9.907971382141112,
2019-08-26,,9.22575569152832,
2019-08-27,,9.93558406829834,
2019-08-28,,10.314393997192385,
2019-08-29,,10.466933250427246,
2019-08-30,,10.373135566711426,
2019-09-03,,10.204193115234377,
2019-09-04,,10.400064468383787,
2019-09-05,,11.57939910888672,
2019-09-06,,11.831985473632812,
2019-09-09,,11.416410446166992,
2019-09-10,,12.036282539367676,
2019-09-11,,12.073994636535645,
2019-09-12,,12.311121940612791,
2019-09-13,,12.578186988830566,
2019-09-16,,12.373899459838867,
2019-09-17,,12.196264266967772,
2019-09-18,,12.41638469696045,
2019-09-19,,12.221819877624512,
2019-09-20,,11.780003547668455,
2019-09-23,,11.620672225952148,
2019-09-24,,11.979840278625488,
2019-09-25,,12.05407428741455,
2019-09-26,,12.274868965148926,
2019-09-27,,12.01305866241455,
2019-09-30,,11.921404838562012,
2019-10-01,,11.4326753616333,
2019-10-02,,11.254277229309082,
2019-10-03,,11.4766263961792,
2019-10-04,,11.074702262878418,
2019-10-07,,11.49988079071045,
2019-10-08,,11.313720703125,
2019-10-09,,11.220385551452637,
2019-10-10,,11.544384002685549,
2019-10-11,,11.594968795776367,
2019-10-14,,12.34865665435791,
2019-10-15,,12.657200813293455,
2019-10-16,,12.41646671295166,
2019-10-17,,12.479400634765623,
2019-10-18,,12.277602195739746,
2019-10-21,,12.423487663269045,
2019-10-22,,12.165764808654783,
2019-10-23,,12.110333442687988,
2019-10-24,,12.912837028503418,
2019-10-25,,13.158408164978027,
2019-10-28,,14.033614158630373,
2019-10-29,,14.124436378479004,
2019-10-30,,13.458233833312988,
2019-10-31,,13.846319198608398,
2019-11-01,,13.989043235778809,
2019-11-04,,15.11828899383545,
2019-11-05,,15.206557273864746,
2019-11-06,,14.748318672180176,
2019-11-07,,14.906930923461914,
2019-11-08,,15.010350227355955,
2019-11-11,,15.148226737976074,
2019-11-12,,14.64258861541748,
2019-11-13,,14.943171501159668,
2019-11-14,,15.335762977600098,
2019-11-15,,15.13359546661377,
2019-11-18,,15.780637741088867,
2019-11-19,,14.938942909240724,
2019-11-20,,14.10008144378662,
2019-11-21,,14.49514865875244,
2019-11-22,,14.647594451904297,
2019-11-25,,15.387707710266112,
2019-11-26,,15.064847946166992,
2019-11-27,,15.2186861038208,
2019-11-29,,14.240326881408691,
2019-12-02,,14.281021118164062,
2019-12-03,,13.779695510864258,
2019-12-04,,13.87810516357422,
2019-12-05,,14.320696830749512,
2019-12-06,,14.21516227722168,
2019-12-09,,14.765151977539062,
2019-12-10,,14.935439109802246,
2019-12-11,,15.368650436401367,
2019-12-12,,15.838431358337402,
2019-12-13,,16.762859344482422,
2019-12-16,,16.719276428222656,
2019-12-17,,17.30301284790039,
2019-12-18,,17.415382385253906,
2019-12-19,,17.618453979492188,
2019-12-20,,18.157861709594727,
2019-12-23,,18.86176300048828,
2019-12-24,,18.46982955932617,
2019-12-26,,18.584381103515625,
2019-12-27,,18.36589813232422,
2019-12-30,,17.93518829345703,
2019-12-31,,18.43762588500977,
2020-01-02,,18.451526641845703,
2020-01-03,,17.751468658447266,
2020-01-06,,17.13802719116211,
2020-01-07,,18.250099182128903,
2020-01-08,,18.16727828979492,
2020-01-09,,18.13464736938477,
2020-01-10,,18.012521743774414,
2020-01-13,,18.542072296142575,
2020-01-14,,18.84359359741211,
2020-01-15,,18.555892944335938,
2020-01-16,,19.370512008666992,
2020-01-17,,19.111766815185547,
2020-01-21,,20.19451141357422,
2020-01-22,,19.789152145385746,
2020-01-23,,20.74578094482422,
2020-01-24,,19.908206939697266,
2020-01-27,,18.05792999267578,
2020-01-28,,18.87494468688965,
2020-01-29,,17.988327026367188,
2020-01-30,,17.831039428710938,
2020-01-31,,16.92623519897461,
2020-02-03,,16.58475685119629,
2020-02-04,,17.772804260253906,
2020-02-05,,18.16303253173828,
2020-02-06,,19.3222599029541,
2020-02-07,,18.079402923583984,
2020-02-10,,18.53925323486328,
2020-02-11,,19.604284286499023,
2020-02-12,,20.118667602539062,
2020-02-13,,20.836986541748047,
2020-02-14,,20.4853458404541,
2020-02-18,,20.481523513793945,
2020-02-19,,21.114072799682617,
2020-02-20,,20.463214874267575,
2020-02-21,,18.85976791381836,
2020-02-24,,15.90855884552002,
2020-02-25,,15.16742992401123,
2020-02-26,,14.656975746154783,
2020-02-27,,12.78964900970459,
2020-02-28,,13.971238136291504,
2020-03-02,,14.50291919708252,
2020-03-03,,14.334551811218262,
2020-03-04,,14.79364013671875,
2020-03-05,,13.09090518951416,
2020-03-06,,12.741792678833008,
2020-03-09,,11.133742332458496,
2020-03-10,,11.066386222839355,
2020-03-11,,8.750802040100098,
2020-03-12,,7.922825336456299,
2020-03-13,,8.297673225402832,
2020-03-16,,5.2974958419799805,
2020-03-17,,5.476646900177002,
2020-03-18,,4.479904651641846,
2020-03-19,,4.296298980712891,
2020-03-20,,4.382540702819824,
2020-03-23,,5.139819622039795,
2020-03-24,,5.878444194793701,
2020-03-25,,5.909371852874756,
2020-03-26,,6.986721038818359,
2020-03-27,,6.516262531280518,
2020-03-30,,6.775138378143311,
2020-03-31,,6.193704605102539,
2020-04-01,,6.2676215171813965,
2020-04-02,,6.101040840148926,
2020-04-03,,5.993746280670166,
2020-04-06,,6.2903733253479,
2020-04-07,,6.827280521392822,
2020-04-08,,7.90347146987915,
2020-04-09,,7.667150974273682,
2020-04-13,,7.768565654754639,
2020-04-14,,8.221497535705566,
2020-04-15,,8.626005172729492,
2020-04-16,,8.183443069458008,
2020-04-17,,8.363439559936523,
2020-04-20,,7.907165050506592,
2020-04-21,,7.872970104217529,
2020-04-22,,7.970592975616455,
2020-04-23,,8.408215522766113,
2020-04-24,,8.586066246032715,
2020-04-27,,8.757386207580566,
2020-04-28,,8.776986122131348,
2020-04-29,,9.19424057006836,
2020-04-30,,8.592904090881348,
2020-05-01,,7.790366649627685,
2020-05-04,,7.482677936553955,
2020-05-05,,7.876535892486572,
2020-05-06,,8.547161102294922,
2020-05-07,,8.470588684082031,
2020-05-08,,8.965927124023438,
2020-05-11,,8.616192817687988,
2020-05-12,,7.897940635681152,
2020-05-13,,7.791173934936523,
2020-05-14,,8.499704360961914,
2020-05-15,,8.153637886047363,
2020-05-18,,8.67188549041748,
2020-05-19,,8.957585334777832,
2020-05-20,,9.00955867767334,
2020-05-21,,9.52181625366211,
2020-05-22,,9.56965160369873,
2020-05-26,,9.767436027526855,
2020-05-27,,10.034137725830078,
2020-05-28,,9.916403770446776,
2020-05-29,,9.94716739654541,
2020-06-01,,10.252320289611816,
2020-06-02,,10.914925575256348,
2020-06-03,,11.67048454284668,
2020-06-04,,11.543728828430176,
2020-06-05,,12.338006019592283,
2020-06-08,,12.895000457763672,
2020-06-09,,12.741024017333984,
2020-06-10,,12.461792945861816,
2020-06-11,,11.30203342437744,
2020-06-12,,11.269010543823242,
2020-06-15,,11.41464900970459,
2020-06-16,,11.855827331542969,
2020-06-17,,12.376643180847168,
2020-06-18,,12.862295150756836,
2020-06-19,,11.92708969116211,
2020-06-22,,13.202584266662598,
2020-06-23,,12.4598970413208,
2020-06-24,,11.977337837219238,
2020-06-25,,12.0746431350708,
2020-06-26,,11.51618766784668,
2020-06-29,,12.087915420532228,
2020-06-30,,12.021843910217283,
2020-07-01,,12.759401321411133,
2020-07-02,,12.421738624572754,
2020-07-06,,13.0580415725708,
2020-07-07,,13.75707721710205,
2020-07-08,,13.60398769378662,
2020-07-09,,13.419146537780762,
2020-07-10,,13.530365943908691,
2020-07-13,,13.438494682312012,
2020-07-14,,13.912469863891602,
2020-07-15,,13.834223747253418,
2020-07-16,,13.998713493347168,
2020-07-17,,14.129556655883787,
2020-07-20,,14.798945426940918,
2020-07-21,,14.554020881652832,
2020-07-22,,14.298705101013184,
2020-07-23,,14.46406364440918,
2020-07-24,,13.827160835266112,
2020-07-27,,14.060542106628418,
2020-07-28,,14.810834884643556,
2020-07-29,,14.32958984375,
2020-07-30,,15.270796775817873,
2020-07-31,,14.95590114593506,
2020-08-03,,15.541220664978027,
2020-08-04,,16.600608825683594,
2020-08-05,,16.740901947021484,
2020-08-06,,16.30972671508789,
2020-08-07,,16.05487632751465,
2020-08-10,,15.88345718383789,
2020-08-11,,16.205524444580078,
2020-08-12,,16.70281982421875,
2020-08-13,,15.997035026550291,
2020-08-14,,16.642122268676758,
2020-08-17,,16.72113037109375,
2020-08-18,,17.34638023376465,
2020-08-19,,16.51068687438965,
2020-08-20,,16.039560317993164,
2020-08-21,,16.36139678955078,
2020-08-24,,16.74985122680664,
2020-08-25,,16.89504051208496,
2020-08-26,,17.62002944946289,
2020-08-27,,17.017257690429688,
2020-08-28,,17.29267120361328,
2020-08-31,,18.04610061645508,
2020-09-01,,19.08407592773437,
2020-09-02,,19.36443328857422,
2020-09-03,,17.27686309814453,
2020-09-04,,16.59843635559082,
2020-09-08,,14.597471237182615,
2020-09-09,,15.417363166809082,
2020-09-10,,14.805912971496582,
2020-09-11,,15.303601264953612,
2020-09-14,,15.89355754852295,
2020-09-15,,16.437728881835938,
2020-09-16,,16.26425552368164,
2020-09-17,,16.344453811645508,
2020-09-18,,15.015856742858888,
2020-09-21,,15.42966365814209,
2020-09-22,,16.071876525878906,
2020-09-23,,15.208556175231934,
2020-09-24,,15.686198234558104,
2020-09-25,,15.855807304382324,
2020-09-28,,16.55817413330078,
2020-09-29,,16.86707305908203,
2020-09-30,,16.94565200805664,
2020-10-01,,17.483051300048828,
2020-10-02,,17.568891525268555,
2020-10-05,,17.47895050048828,
2020-10-06,,17.791584014892578,
2020-10-07,,18.74940490722656,
2020-10-08,,19.582115173339844,
2020-10-09,,19.92068099975586,
2020-10-12,,21.09140968322754,
2020-10-13,,21.361682891845703,
2020-10-14,,21.26972961425781,
2020-10-15,,21.17378234863281,
2020-10-16,,20.747390747070312,
2020-10-19,,20.624271392822266,
2020-10-20,,20.127710342407227,
2020-10-21,,19.74023056030273,
2020-10-22,,19.835708618164062,
2020-10-23,,19.0175724029541,
2020-10-26,,18.92850112915039,
2020-10-27,,17.996963500976562,
2020-10-28,,16.622800827026367,
2020-10-29,,17.472389221191406,
2020-10-30,,16.586164474487305,
2020-11-02,,17.190378189086914,
2020-11-03,,18.08155632019043,
2020-11-04,,19.907115936279297,
2020-11-05,,21.877798080444336,
2020-11-06,,23.10230255126953,
2020-11-09,,23.05718231201172,
2020-11-10,,21.132230758666992,
2020-11-11,,22.084447860717773,
2020-11-12,,22.410404205322266,
2020-11-13,,22.83134651184082,
2020-11-16,,24.10053062438965,
2020-11-17,,23.82512664794922,
2020-11-18,,23.797887802124023,
2020-11-19,,24.22249794006348,
2020-11-20,,24.11005210876465,
2020-11-23,,25.052276611328125,
2020-11-24,,25.02491569519043,
2020-11-25,,25.08784866333008,
2020-11-27,,25.744356155395508,
2020-11-30,,27.49762725830078,
2020-12-01,,27.483383178710938,
2020-12-02,,28.936012268066406,
2020-12-03,,28.83708953857422,
2020-12-04,,30.62582778930664,
2020-12-07,,31.33154296875,
2020-12-08,,31.002809524536133,
2020-12-09,,29.30716323852539,
2020-12-10,,28.833585739135746,
2020-12-11,,28.33527565002441,
2020-12-14,,28.630634307861328,
2020-12-15,,30.32482147216797,
2020-12-16,,30.733530044555664,
2020-12-17,,30.50596618652344,
2020-12-18,,29.841541290283203,
2020-12-21,,29.08212280273437,
2020-12-22,,29.18313980102539,
2020-12-23,,29.036865234375,
2020-12-24,,29.277978897094727,
2020-12-28,,29.03964614868164,
2020-12-29,,29.21980857849121,
2020-12-30,,29.56479263305664,
2020-12-31,,30.787281036376957,
2021-01-04,,29.78780174255371,
2021-01-05,,31.870115280151367,
2021-01-06,,32.127899169921875,
2021-01-07,,35.12566375732422,
2021-01-08,,34.728797912597656,
2021-01-11,,36.72113800048828,
2021-01-12,,37.85365295410156,
2021-01-13,,37.29868698120117,
2021-01-14,,40.0079460144043,
2021-01-15,,38.5620231628418,
2021-01-19,,40.932373046875,
2021-01-20,,41.1793212890625,
2021-01-21,,42.44087219238281,
2021-01-22,,40.409271240234375,
2021-01-25,,40.78778076171875,
2021-01-26,,38.47805404663086,
2021-01-27,,33.44880676269531,
2021-01-28,,35.10015106201172,
2021-01-29,,33.9139518737793,
2021-02-01,,37.21221160888672,
2021-02-02,,38.01353454589844,
2021-02-03,,36.92417907714844,
2021-02-04,,37.63072204589844,
2021-02-05,,36.839149475097656,
2021-02-08,,39.10605239868164,
2021-02-09,,39.85269165039063,
2021-02-10,,40.99980926513672,
2021-02-11,,44.0364990234375,
2021-02-12,,45.32491302490234,
2021-02-16,,45.99482345581055,
2021-02-17,,44.53238677978516,
2021-02-18,,42.72636413574219,
2021-02-19,,44.59878158569336,
2021-02-22,,41.22710800170898,
2021-02-23,,41.23842239379883,
2021-02-24,,41.89757537841797,
2021-02-25,,37.377891540527344,
2021-02-26,,39.5626335144043,
2021-03-01,,41.12535095214844,
2021-03-02,,38.58955764770508,
2021-03-03,,35.11407852172852,
2021-03-04,,31.6796875,
2021-03-05,,32.701438903808594,
2021-03-08,,28.53107643127441,
2021-03-09,,32.69072723388672,
2021-03-10,,30.85271453857422,
2021-03-11,,34.032596588134766,
2021-03-12,,34.4147834777832,
2021-03-15,,36.04488754272461,
2021-03-16,,37.06170654296875,
2021-03-17,,38.09439086914063,
2021-03-18,,34.50825119018555,
2021-03-19,,35.42564392089844,
2021-03-22,,35.76165771484375,
2021-03-23,,34.82801055908203,
2021-03-24,,33.07383728027344,
2021-03-25,,33.374385833740234,
2021-03-26,,36.99341583251953,
2021-03-29,,35.748741149902344,
2021-03-30,,35.43346405029297,
2021-03-31,,38.6733627319336,
2021-04-01,,42.19453430175781,
2021-04-05,,44.68800354003906,
2021-04-06,,43.196231842041016,
2021-04-07,,43.5046501159668,
2021-04-08,,44.42306137084961,
2021-04-09,,44.477081298828125,
2021-04-12,,43.21132659912109,
2021-04-13,,42.09852981567383,
2021-04-14,,42.03864288330078,
2021-04-15,,42.5465202331543,
2021-04-16,,41.98009490966797,
2021-04-19,,40.24555969238281,
2021-04-20,,38.12688064575195,
2021-04-21,,40.08275604248047,
2021-04-22,,38.711952209472656,
2021-04-23,,40.123348236083984,
2021-04-26,,41.98235321044922,
2021-04-27,,40.76658630371094,
2021-04-28,,39.16341400146485,
2021-04-29,,39.64005661010742,
2021-04-30,,37.24673080444336,
2021-05-03,,35.629852294921875,
2021-05-04,,34.119754791259766,
2021-05-05,,34.574920654296875,
2021-05-06,,35.13397216796875,
2021-05-07,,35.56367492675781,
2021-05-10,,32.97834014892578,
2021-05-11,,31.30518341064453,
2021-05-12,,29.12257575988769,
2021-05-13,,29.493000030517575,
2021-05-14,,31.13297271728516,
2021-05-17,,30.747901916503903,
2021-05-18,,30.41498565673828,
2021-05-19,,31.93218994140625,
2021-05-20,,33.437843322753906,
2021-05-21,,34.91514587402344,
2021-05-24,,35.409549713134766,
2021-05-25,,36.56689453125,
2021-05-26,,37.769775390625,
2021-05-27,,37.7310791015625,
2021-05-28,,38.02920150756836,
2021-06-01,,38.71743774414063,
2021-06-02,,38.28587341308594,
2021-06-03,,37.2364387512207,
2021-06-04,,39.7254638671875,
2021-06-07,,39.21010971069336,
2021-06-08,,37.70470428466797,
2021-06-09,,37.92579650878906,
2021-06-10,,38.94215393066406,
2021-06-11,,39.40463638305664,
2021-06-14,,40.80254364013672,
2021-06-15,,39.914772033691406,
2021-06-16,,39.79285430908203,
2021-06-17,,38.94282913208008,
2021-06-18,,38.23931503295898,
2021-06-21,,37.09274291992188,
2021-06-22,,39.10627746582031,
2021-06-23,,39.40077972412109,
2021-06-24,,40.54752349853516,
2021-06-25,,41.401615142822266,
2021-06-28,,42.610801696777344,
2021-06-29,,43.75103759765625,
2021-06-30,,44.60540771484375,
2021-07-01,,42.74959945678711,
2021-07-02,,43.03289031982422,
2021-07-06,,42.92708969116211,
2021-07-07,,41.03404235839844,
2021-07-08,,40.622352600097656,
2021-07-09,,41.94731903076172,
2021-07-12,,42.99224090576172,
2021-07-13,,42.699745178222656,
2021-07-14,,41.099605560302734,
2021-07-15,,39.75009536743164,
2021-07-16,,37.950462341308594,
2021-07-19,,36.62215042114258,
2021-07-20,,38.32152557373047,
2021-07-21,,41.26542282104492,
2021-07-22,,40.27777862548828,
2021-07-23,,41.13395309448242,
2021-07-26,,41.75653839111328,
2021-07-27,,40.18142318725586,
2021-07-28,,40.52429962158203,
2021-07-29,,43.08104705810547,
2021-07-30,,44.66236114501953,
2021-08-02,,45.46188735961914,
2021-08-03,,45.91366958618164,
2021-08-04,,47.098724365234375,
2021-08-05,,47.19270706176758,
2021-08-06,,46.3052978515625,
2021-08-09,,45.76182174682617,
2021-08-10,,45.07661056518555,
2021-08-11,,43.84264373779297,
2021-08-12,,42.92308044433594,
2021-08-13,,43.03364181518555,
2021-08-16,,42.89150619506836,
2021-08-17,,40.26508331298828,
2021-08-18,,39.003204345703125,
2021-08-19,,39.83228302001953,
2021-08-20,,41.440879821777344,
2021-08-23,,42.93898010253906,
2021-08-24,,43.44676208496094,
2021-08-25,,45.38041687011719,
2021-08-26,,44.767852783203125,
2021-08-27,,47.37885284423828,
2021-08-30,,47.21808624267578,
2021-08-31,,47.206031799316406,
2021-09-01,,45.78389739990234,
2021-09-02,,46.63726043701172,
2021-09-03,,47.3626708984375,
2021-09-07,,47.338287353515625,
2021-09-08,,45.90936279296875,
2021-09-09,,45.84006881713867,
2021-09-10,,46.40241622924805,
2021-09-13,,47.15502166748047,
2021-09-14,,48.51973724365234,
2021-09-15,,47.76604461669922,
2021-09-16,,49.42002487182617,
2021-09-17,,47.07665252685547,
2021-09-20,,44.87837600708008,
2021-09-21,,43.630592346191406,
2021-09-22,,46.316505432128906,
2021-09-23,,48.70305633544922,
2021-09-24,,47.9126205444336,
2021-09-27,,47.10990524291992,
2021-09-28,,43.85166931152344,
2021-09-29,,40.636077880859375,
2021-09-30,,40.58682632446289,
2021-10-01,,39.25847625732422,
2021-10-04,,38.78585815429688,
2021-10-05,,38.616844177246094,
2021-10-06,,39.15179443359375,
2021-10-07,,39.982303619384766,
2021-10-08,,39.831241607666016,
2021-10-11,,38.26699066162109,
2021-10-12,,37.22096633911133,
2021-10-13,,37.75827026367188,
2021-10-14,,41.62258529663086,
2021-10-15,,41.72254180908203,
2021-10-18,,43.591705322265625,
2021-10-19,,44.17658996582031,
2021-10-20,,43.77044677734375,
2021-10-21,,46.05265808105469,
2021-10-22,,44.9720458984375,
2021-10-25,,44.809059143066406,
2021-10-26,,44.68820190429688,
2021-10-27,,43.66347122192383,
2021-10-28,,46.75830078125,
2021-10-29,,47.615081787109375,
2021-11-01,,49.84654998779297,
2021-11-02,,51.37046051025391,
2021-11-03,,54.31517028808594,
2021-11-04,,58.96030044555664,
2021-11-05,,60.69215393066406,
2021-11-08,,63.58122253417969,
2021-11-09,,62.32074737548828,
2021-11-10,,59.512542724609375,
2021-11-11,,60.87312316894531,
2021-11-12,,62.890419006347656,
2021-11-15,,62.79606246948242,
2021-11-16,,65.33030700683594,
2021-11-17,,65.78291320800781,
2021-11-18,,66.2092514038086,
2021-11-19,,67.35350799560547,
2021-11-22,,65.71617889404297,
2021-11-23,,64.41153717041016,
2021-11-24,,65.98695373535156,
2021-11-26,,62.2768669128418,
2021-11-29,,66.82024383544922,
2021-11-30,,64.38555145263672,
2021-12-01,,62.795501708984375,
2021-12-02,,62.198509216308594,
2021-12-03,,63.54395294189453,
2021-12-06,,63.477176666259766,
2021-12-07,,69.35487365722656,
2021-12-08,,69.12870788574219,
2021-12-09,,66.75003814697266,
2021-12-10,,67.39059448242188,
2021-12-13,,62.40910339355469,
2021-12-14,,60.74287414550781,
2021-12-15,,66.1549072265625,
2021-12-16,,59.29973602294922,
2021-12-17,,58.08531951904297,
2021-12-20,,57.87561798095703,
2021-12-21,,62.46817398071289,
2021-12-22,,65.22863006591797,
2021-12-23,,66.26750946044922,
2021-12-27,,71.33843231201172,
2021-12-28,,71.56710815429688,
2021-12-29,,69.75233459472656,
2021-12-30,,68.43717193603516,
2021-12-31,,68.11067199707031,
2022-01-03,,69.03652954101562,
2022-01-04,,71.11984252929688,
2022-01-05,,70.2782974243164,
2022-01-06,,68.12283325195312,
2022-01-07,,69.08094024658203,
2022-01-10,,63.29435348510742,
2022-01-11,,61.82436752319336,
2022-01-12,,63.94725036621094,
2022-01-13,,62.61400985717773,
2022-01-14,,57.23232650756836,
2022-01-18,,58.63435363769531,
2022-01-19,,58.687931060791016,
2022-01-20,,55.74750518798828,
2022-01-21,,51.9708251953125,
2022-01-24,,51.02532958984375,
2022-01-25,,50.0367431640625,
2022-01-26,,49.61465072631836,
2022-01-27,,47.57169342041016,
2022-01-28,,43.71072006225586,
2022-01-31,,40.98922348022461,
2022-02-01,,40.78071594238281,
2022-02-02,,43.41079711914063,
2022-02-03,,44.53292465209961,
2022-02-04,,44.24078750610352,
2022-02-07,,44.40003204345703,
2022-02-08,,42.69759368896485,
2022-02-09,,42.990966796875,
2022-02-10,,43.02473831176758,
2022-02-11,,43.46410751342773,
2022-02-14,,39.354530334472656,
2022-02-15,,40.73298645019531,
2022-02-16,,39.7633056640625,
2022-02-17,,40.346168518066406,
2022-02-18,,41.91841125488281,
2022-02-22,,39.26237869262695,
2022-02-23,,39.92747497558594,
2022-02-24,,37.11266708374024,
2022-02-25,,36.313262939453125,
2022-02-28,,38.1783447265625,
2022-03-01,,38.03534698486328,
2022-03-02,,38.02071380615234,
2022-03-03,,35.79509735107422,
2022-03-04,,37.58472442626953,
2022-03-07,,34.696678161621094,
2022-03-08,,31.078344345092773,
2022-03-09,,28.3361930847168,
2022-03-10,,27.79023742675781,
2022-03-11,,29.65846824645996,
2022-03-14,,29.33893203735352,
2022-03-15,,27.883848190307617,
2022-03-16,,27.337270736694336,
2022-03-17,,27.615053176879883,
2022-03-18,,29.877893447875977,
2022-03-21,,30.878273010253903,
2022-03-22,,33.0533561706543,
2022-03-23,,36.19518280029297,
2022-03-24,,35.79534149169922,
2022-03-25,,37.103790283203125,
2022-03-28,,37.87648391723633,
2022-03-29,,38.88124084472656,
2022-03-30,,41.25942993164063,
2022-03-31,,40.220977783203125,
